tip_lable,taxa
Acorales_Acorus_americanus,Acorales_Acorus_americanus
Acorales_Acorus_calamus,Acorales_Acorus_calamus
Alismatales_Colocasia_esculenta,Alismatales_Colocasia_esculenta
Alismatales_Lemna_minor,Alismatales_Lemna_minor
Alismatales_Spirodela_polyrhiza,Alismatales_Spirodela_polyrhiza
Alismatales_Wolffia_australiana,Alismatales_Wolffia_australiana
Alismatales_Wolffiella_lingulata,Alismatales_Wolffiella_lingulata
Amborellales_Amborella_trichopoda,Amborellales_Amborella_trichopoda
Apiales_Anethum_graveolens,Apiales_Anethum_graveolens
Apiales_Anthriscus_cerefolium,Apiales_Anthriscus_cerefolium
Apiales_Crithmum_maritimum,Apiales_Crithmum_maritimum
Apiales_Daucus_carota,Apiales_Daucus_carota
Apiales_Eleutherococcus_senticosus,Apiales_Eleutherococcus_senticosus
Apiales_Hydrocotyle_sp,Apiales_Hydrocotyle_sp
Apiales_Oxypolis_greenmanii,Apiales_Oxypolis_greenmanii
Apiales_Panax_ginseng,Apiales_Panax_ginseng
Apiales_Petroselinum_crispum,Apiales_Petroselinum_crispum
Aquifoliales_Ilex_cornuta,Aquifoliales_Ilex_cornuta
Arecales_Chamaedorea_seifrizii,Arecales_Chamaedorea_seifrizii
Arecales_Elaeis_oleifera,Arecales_Elaeis_oleifera
Arecales_Phoenix_dactylifera,Arecales_Phoenix_dactylifera
Arecales_Ravenea_hildebrandtii,Arecales_Ravenea_hildebrandtii
Asparagales_Agapanthus_praecox,Asparagales_Agapanthus_praecox
Asparagales_Albuca_kirkii,Asparagales_Albuca_kirkii
Asparagales_Apostasia_wallichii,Asparagales_Apostasia_wallichii
Asparagales_Asparagus_officinalis,Asparagales_Asparagus_officinalis
Asparagales_Chlorophytum_rhizopendulum,Asparagales_Chlorophytum_rhizopendulum
Asparagales_Curculigo_capitulata,Asparagales_Curculigo_capitulata
Asparagales_Hesperaloe_parviflora,Asparagales_Hesperaloe_parviflora
Asparagales_Hosta_ventricosa,Asparagales_Hosta_ventricosa
Asparagales_Iris_virginica,Asparagales_Iris_virginica
Asparagales_Liliales_Agapanthus_africanus_PRFO,Asparagales_Liliales_Agapanthus_africanus_PRFO
Asparagales_Liliales_Agave_tequilana_KXSK,Asparagales_Liliales_Agave_tequilana_KXSK
Asparagales_Liliales_Allium_commutatum_KBXS,Asparagales_Liliales_Allium_commutatum_KBXS
Asparagales_Liliales_Allium_sativum_GJPF,Asparagales_Liliales_Allium_sativum_GJPF
Asparagales_Liliales_Aloe_vera_JVBR,Asparagales_Liliales_Aloe_vera_JVBR
Asparagales_Liliales_Amaryllis_belladonna_LDME,Asparagales_Liliales_Amaryllis_belladonna_LDME
Asparagales_Liliales_Asparagus_densiflorus_FGRF,Asparagales_Liliales_Asparagus_densiflorus_FGRF
Asparagales_Liliales_Borya_sphaerocephala_EMJJ,Asparagales_Liliales_Borya_sphaerocephala_EMJJ
Asparagales_Liliales_Brodiaea_sierrae_IXEM,Asparagales_Liliales_Brodiaea_sierrae_IXEM
Asparagales_Liliales_Chlorogalum_pomeridianum_PLBZ,Asparagales_Liliales_Chlorogalum_pomeridianum_PLBZ
Asparagales_Liliales_Colchicum_autumnale_NHIX,Asparagales_Liliales_Colchicum_autumnale_NHIX
Asparagales_Liliales_Curculigo_sp._YJUG,Asparagales_Liliales_Curculigo_sp._YJUG
Asparagales_Liliales_Cyanastrum_cordifolium_RDYY,Asparagales_Liliales_Cyanastrum_cordifolium_RDYY
Asparagales_Liliales_Cyanella_orchidofromis_KYNE,Asparagales_Liliales_Cyanella_orchidofromis_KYNE
Asparagales_Liliales_Disporopsis_pernyi_UZXL,Asparagales_Liliales_Disporopsis_pernyi_UZXL
Asparagales_Liliales_Drakea_elastica_XZME,Asparagales_Liliales_Drakea_elastica_XZME
Asparagales_Liliales_Drimia_altissima_SVTS,Asparagales_Liliales_Drimia_altissima_SVTS
Asparagales_Liliales_Eriospermum_lancifolia_ONBE,Asparagales_Liliales_Eriospermum_lancifolia_ONBE
Asparagales_Liliales_Gloriosa_superba_GDKK,Asparagales_Liliales_Gloriosa_superba_GDKK
Asparagales_Liliales_Goodyera_pubescens_VTUS,Asparagales_Liliales_Goodyera_pubescens_VTUS
Asparagales_Liliales_Haemaria_discolor_LELS,Asparagales_Liliales_Haemaria_discolor_LELS
Asparagales_Liliales_Hemerocallis_sp.-Stewart_JHUL,Asparagales_Liliales_Hemerocallis_sp.-Stewart_JHUL
Asparagales_Liliales_Hemerocallis_spp._BLAJ,Asparagales_Liliales_Hemerocallis_spp._BLAJ
Asparagales_Liliales_Hesperaloe_parviflora_CMCY,Asparagales_Liliales_Hesperaloe_parviflora_CMCY
Asparagales_Liliales_Johnsonia_pubescens_WTDE,Asparagales_Liliales_Johnsonia_pubescens_WTDE
Asparagales_Liliales_Lilium_sargentiae_THEW,Asparagales_Liliales_Lilium_sargentiae_THEW
Asparagales_Liliales_Lomandra_longifolia_MUMD,Asparagales_Liliales_Lomandra_longifolia_MUMD
Asparagales_Liliales_Maianthemum_canadense_XFJG,Asparagales_Liliales_Maianthemum_canadense_XFJG
Asparagales_Liliales_Maianthemum_sp._RCUX,Asparagales_Liliales_Maianthemum_sp._RCUX
Asparagales_Liliales_Masdevallia_yuangensis_JSAG,Asparagales_Liliales_Masdevallia_yuangensis_JSAG
Asparagales_Liliales_Nolina_atopocarpa_HOKG,Asparagales_Liliales_Nolina_atopocarpa_HOKG
Asparagales_Liliales_Nolina_bigelorii_RQZP,Asparagales_Liliales_Nolina_bigelorii_RQZP
Asparagales_Liliales_Oncidium_sphacelatum_CNTZ,Asparagales_Liliales_Oncidium_sphacelatum_CNTZ
Asparagales_Liliales_Peliosanthese_minor_TCYS,Asparagales_Liliales_Peliosanthese_minor_TCYS
Asparagales_Liliales_Phormium_tenax_FCEL,Asparagales_Liliales_Phormium_tenax_FCEL
Asparagales_Liliales_Phycella_aff._cyrtanthoides_DMIN,Asparagales_Liliales_Phycella_aff._cyrtanthoides_DMIN
Asparagales_Liliales_Platanthera_clavellata_MTHW,Asparagales_Liliales_Platanthera_clavellata_MTHW
Asparagales_Liliales_Rhodophiala_pratensis_JDTY,Asparagales_Liliales_Rhodophiala_pratensis_JDTY
Asparagales_Liliales_Ruscus_sp._LSJW,Asparagales_Liliales_Ruscus_sp._LSJW
Asparagales_Liliales_Sansevieria_trifasciata_MVRF,Asparagales_Liliales_Sansevieria_trifasciata_MVRF
Asparagales_Liliales_Sisyrinchium_angustifolium_LTZF,Asparagales_Liliales_Sisyrinchium_angustifolium_LTZF
Asparagales_Liliales_Smilax_bona_nox_MWYQ,Asparagales_Liliales_Smilax_bona_nox_MWYQ
Asparagales_Liliales_Traubia_modesta_ZKPF,Asparagales_Liliales_Traubia_modesta_ZKPF
Asparagales_Liliales_Urginea_maritima_KOFB,Asparagales_Liliales_Urginea_maritima_KOFB
Asparagales_Liliales_Vanilla_planifolia_THDM,Asparagales_Liliales_Vanilla_planifolia_THDM
Asparagales_Liliales_Xeronema_callistemon_SART,Asparagales_Liliales_Xeronema_callistemon_SART
Asparagales_Liliales_Xerophyllum_asphodeloides_AFLV,Asparagales_Liliales_Xerophyllum_asphodeloides_AFLV
Asparagales_Liliales_Yucca_brevifolia_YBML,Asparagales_Liliales_Yucca_brevifolia_YBML
Asparagales_Liliales_Yucca_filamentosa_ICNN,Asparagales_Liliales_Yucca_filamentosa_ICNN
Asparagales_Liliales_Zephyranthes_treatiae_DPFW,Asparagales_Liliales_Zephyranthes_treatiae_DPFW
Asparagales_Lomandra_longifolia,Asparagales_Lomandra_longifolia
Asparagales_Neoastelia_spectabilis,Asparagales_Neoastelia_spectabilis
Asparagales_Neottia_nidus,Asparagales_Neottia_nidus
Asparagales_Nolina_atopocarpa,Asparagales_Nolina_atopocarpa
Asparagales_Oncidium_Gower,Asparagales_Oncidium_Gower
Asparagales_Phalaenopsis_aphrodite,Asparagales_Phalaenopsis_aphrodite
Asparagales_Phormium_tenax,Asparagales_Phormium_tenax
Asparagales_Rhizanthella_gardneri,Asparagales_Rhizanthella_gardneri
Asparagales_Yucca_schidigera,Asparagales_Yucca_schidigera
Asterales_Ageratina_adenophora,Asterales_Ageratina_adenophora
Asterales_Guizotia_abyssinica,Asterales_Guizotia_abyssinica
Asterales_Helianthus_annuus,Asterales_Helianthus_annuus
Asterales_Jacobaea_vulgaris,Asterales_Jacobaea_vulgaris
Asterales_Lactuca_sativa,Asterales_Lactuca_sativa
Asterales_Parthenium_argentatum,Asterales_Parthenium_argentatum
Asterales_Scaevola_aemula,Asterales_Scaevola_aemula
Asterales_Trachelium_caeruleum,Asterales_Trachelium_caeruleum
Austrobaileyales_Illicium_oligandrum,Austrobaileyales_Illicium_oligandrum
Basal_Angios_Amborella_trichopoda_URDJ,Basal_Angios_Amborella_trichopoda_URDJ
Basal_Angios_Annona_muricata_YZRI,Basal_Angios_Annona_muricata_YZRI
Basal_Angios_Aristolochia_elegans_PAWA,Basal_Angios_Aristolochia_elegans_PAWA
Basal_Angios_Ascarina_rubricaulis_WZFE,Basal_Angios_Ascarina_rubricaulis_WZFE
Basal_Angios_Austrobaileya_scandens_FZJL,Basal_Angios_Austrobaileya_scandens_FZJL
Basal_Angios_Calycanthus_floridus_FALI,Basal_Angios_Calycanthus_floridus_FALI
Basal_Angios_Canella_winterana-2_samples_combined_SJEV,Basal_Angios_Canella_winterana-2_samples_combined_SJEV
Basal_Angios_Cassytha_filiformis_VYLQ,Basal_Angios_Cassytha_filiformis_VYLQ
Basal_Angios_Cinnamomum_camphora_BCGB,Basal_Angios_Cinnamomum_camphora_BCGB
Basal_Angios_Drimys_winteri_WKSU,Basal_Angios_Drimys_winteri_WKSU
Basal_Angios_Eupomatia_bennettii_DHPO,Basal_Angios_Eupomatia_bennettii_DHPO
Basal_Angios_Gomortega_keule_MAQO,Basal_Angios_Gomortega_keule_MAQO
Basal_Angios_Gyrocarpus_americanus_BSVG,Basal_Angios_Gyrocarpus_americanus_BSVG
Basal_Angios_Houttuynia_cordata_CSSK,Basal_Angios_Houttuynia_cordata_CSSK
Basal_Angios_Idiospermum_australiense_WPHN,Basal_Angios_Idiospermum_australiense_WPHN
Basal_Angios_Illicium_floridanum_VZCI,Basal_Angios_Illicium_floridanum_VZCI
Basal_Angios_Illicium_parviflorum-2_samples_combined_UBDX,Basal_Angios_Illicium_parviflorum-2_samples_combined_UBDX
Basal_Angios_Kadsura_heteroclite_NWMY,Basal_Angios_Kadsura_heteroclite_NWMY
Basal_Angios_Laurelia_sempervirens_WAIL,Basal_Angios_Laurelia_sempervirens_WAIL
Basal_Angios_Lindera_benzoin_KAYP,Basal_Angios_Lindera_benzoin_KAYP
Basal_Angios_Magnolia_grandiflora_WBOD,Basal_Angios_Magnolia_grandiflora_WBOD
Basal_Angios_Michelia_maudiae_XQWC,Basal_Angios_Michelia_maudiae_XQWC
Basal_Angios_Myristica_fragrans_OBPL,Basal_Angios_Myristica_fragrans_OBPL
Basal_Angios_Nelumbo_nucifera_PZRT,Basal_Angios_Nelumbo_nucifera_PZRT
Basal_Angios_Nuphar_advena_WTKZ,Basal_Angios_Nuphar_advena_WTKZ
Basal_Angios_Peperomia_fraseri_XSZI,Basal_Angios_Peperomia_fraseri_XSZI
Basal_Angios_Persea_borbonia_WIGA,Basal_Angios_Persea_borbonia_WIGA
Basal_Angios_Peumus_boldus_KRJP,Basal_Angios_Peumus_boldus_KRJP
Basal_Angios_Piper_auritum_MUNP,Basal_Angios_Piper_auritum_MUNP
Basal_Angios_Sarcandra_glabra_OSHQ,Basal_Angios_Sarcandra_glabra_OSHQ
Basal_Angios_Saruma_henryi_QDVW,Basal_Angios_Saruma_henryi_QDVW
Basal_Angios_Sassafras_albidum_ABSS,Basal_Angios_Sassafras_albidum_ABSS
Basal_Angios_Saururus_cernuus_OPDF,Basal_Angios_Saururus_cernuus_OPDF
Basal_Angios_Uvaria_microcarpa_PSJT,Basal_Angios_Uvaria_microcarpa_PSJT
Basal_Eudicots_Aextoxicon_punctatum_QUTB,Basal_Eudicots_Aextoxicon_punctatum_QUTB
Basal_Eudicots_Akebia_trifoliata_CCID,Basal_Eudicots_Akebia_trifoliata_CCID
Basal_Eudicots_Anemone_hupenhensis_ZUHO,Basal_Eudicots_Anemone_hupenhensis_ZUHO
Basal_Eudicots_Anemone_pulsatilla_UPOG,Basal_Eudicots_Anemone_pulsatilla_UPOG
Basal_Eudicots_Argemone_mexicana-5_samples_combined_IRAF,Basal_Eudicots_Argemone_mexicana-5_samples_combined_IRAF
Basal_Eudicots_Berberidopsis_beckleri_HAEU,Basal_Eudicots_Berberidopsis_beckleri_HAEU
Basal_Eudicots_Buxus_sempervirens-green_branch_with_leaves_IWMW,Basal_Eudicots_Buxus_sempervirens-green_branch_with_leaves_IWMW
Basal_Eudicots_Capnoides_sempervirens_AUGV,Basal_Eudicots_Capnoides_sempervirens_AUGV
Basal_Eudicots_Ceratocapnos_vesicaria_UDHA,Basal_Eudicots_Ceratocapnos_vesicaria_UDHA
Basal_Eudicots_Chelidonium_majus_XMVD,Basal_Eudicots_Chelidonium_majus_XMVD
Basal_Eudicots_Corydalis_linstowiana_ZGQD,Basal_Eudicots_Corydalis_linstowiana_ZGQD
Basal_Eudicots_Daenikera_sp._BSEY,Basal_Eudicots_Daenikera_sp._BSEY
Basal_Eudicots_Dendropemon_caribaeus_VGVI,Basal_Eudicots_Dendropemon_caribaeus_VGVI
Basal_Eudicots_Dillenia_indica_EHNF,Basal_Eudicots_Dillenia_indica_EHNF
Basal_Eudicots_Eschscholzia_californica-5_samples_combined_EVOD,Basal_Eudicots_Eschscholzia_californica-5_samples_combined_EVOD
Basal_Eudicots_Euptelea_pleiosperma_QTJY,Basal_Eudicots_Euptelea_pleiosperma_QTJY
Basal_Eudicots_Exocarpos_cupressiformis-Nov._XGFU,Basal_Eudicots_Exocarpos_cupressiformis-Nov._XGFU
Basal_Eudicots_Grevillea_robusta_GRRW,Basal_Eudicots_Grevillea_robusta_GRRW
Basal_Eudicots_Gunnera_manicata_XMQO,Basal_Eudicots_Gunnera_manicata_XMQO
Basal_Eudicots_Hakea_drupaceae_SIIK,Basal_Eudicots_Hakea_drupaceae_SIIK
Basal_Eudicots_Hakea_prostrata-2_samples_combined_RQUG,Basal_Eudicots_Hakea_prostrata-2_samples_combined_RQUG
Basal_Eudicots_Hydrastis_canadensis_VGHH,Basal_Eudicots_Hydrastis_canadensis_VGHH
Basal_Eudicots_Hypecoum_procumbens_NMGG,Basal_Eudicots_Hypecoum_procumbens_NMGG
Basal_Eudicots_Meliosma_cuneifolia_AALA,Basal_Eudicots_Meliosma_cuneifolia_AALA
Basal_Eudicots_Nandina_domestica_YHFG,Basal_Eudicots_Nandina_domestica_YHFG
Basal_Eudicots_Nelumbo_sp._FAKD,Basal_Eudicots_Nelumbo_sp._FAKD
Basal_Eudicots_Papaver_bracteatum-3_samples_combined_SSDU,Basal_Eudicots_Papaver_bracteatum-3_samples_combined_SSDU
Basal_Eudicots_Papaver_rhoeas-5_samples_combined_BEKN,Basal_Eudicots_Papaver_rhoeas-5_samples_combined_BEKN
Basal_Eudicots_Papaver_setigerum-5_samples_combined_QCOU,Basal_Eudicots_Papaver_setigerum-5_samples_combined_QCOU
Basal_Eudicots_Papaver_somniferum-5_samples_combined_RQNK,Basal_Eudicots_Papaver_somniferum-5_samples_combined_RQNK
Basal_Eudicots_Phoradendron_serotinum_QKMG,Basal_Eudicots_Phoradendron_serotinum_QKMG
Basal_Eudicots_Platanus_occidentalis_VQFW,Basal_Eudicots_Platanus_occidentalis_VQFW
Basal_Eudicots_Podophyllum_peltatum_WFBF,Basal_Eudicots_Podophyllum_peltatum_WFBF
Basal_Eudicots_Sanguinaria_canadensis_XHKT,Basal_Eudicots_Sanguinaria_canadensis_XHKT
Basal_Eudicots_Santalum_acuminatum-Nov._RSPO,Basal_Eudicots_Santalum_acuminatum-Nov._RSPO
Basal_Eudicots_Thalictrum_thalictroides_GBVZ,Basal_Eudicots_Thalictrum_thalictroides_GBVZ
Basal_Eudicots_Trochodendron_araliodes_SWOH,Basal_Eudicots_Trochodendron_araliodes_SWOH
BBBA,Tetrastigma_obtectum_BBBA
BCAA,Kirkia_wilmsii_BCAA
Berberidopsidales_Berberidopsis_corallina,Berberidopsidales_Berberidopsis_corallina
BGZG,Cissus_quadrangularis_BGZG
Brassicales_Aethionema_cordifolium,Brassicales_Aethionema_cordifolium
Brassicales_Aethionema_grandiflorum,Brassicales_Aethionema_grandiflorum
Brassicales_Arabidopsis_thaliana,Brassicales_Arabidopsis_thaliana
Brassicales_Arabis_hirsuta,Brassicales_Arabis_hirsuta
Brassicales_Barbarea_verna,Brassicales_Barbarea_verna
Brassicales_Capsella_bursa,Brassicales_Capsella_bursa
Brassicales_Carica_papaya,Brassicales_Carica_papaya
Brassicales_Crucihimalaya_wallichii,Brassicales_Crucihimalaya_wallichii
Brassicales_Draba_nemorosa,Brassicales_Draba_nemorosa
Brassicales_Lepidium_virginicum,Brassicales_Lepidium_virginicum
Brassicales_Lobularia_maritima,Brassicales_Lobularia_maritima
Brassicales_Nasturtium_officinale,Brassicales_Nasturtium_officinale
Brassicales_Olimarabidopsis_pumila,Brassicales_Olimarabidopsis_pumila
Buxales_Buxus_microphylla,Buxales_Buxus_microphylla
Campanulids_Angelica_archangelica_TQKZ,Campanulids_Angelica_archangelica_TQKZ
Campanulids_Anthemis_tinctoria_GUMF,Campanulids_Anthemis_tinctoria_GUMF
Campanulids_Aster_tataricus_XRCX,Campanulids_Aster_tataricus_XRCX
Campanulids_Campanula_delicatula_KSDC,Campanulids_Campanula_delicatula_KSDC
Campanulids_Campanula_erinus_XAEC,Campanulids_Campanula_erinus_XAEC
Campanulids_Carthamus_lanatus_CFRN,Campanulids_Carthamus_lanatus_CFRN
Campanulids_Centella_asiatica_WEQK,Campanulids_Centella_asiatica_WEQK
Campanulids_Cicerbita_plumieri_JNKW,Campanulids_Cicerbita_plumieri_JNKW
Campanulids_Conzya_canadensis-2_samples_combined_MHYG,Campanulids_Conzya_canadensis-2_samples_combined_MHYG
Campanulids_Corokia_cotoneaster_GIOY,Campanulids_Corokia_cotoneaster_GIOY
Campanulids_Dipsacus_sativum_JTRM,Campanulids_Dipsacus_sativum_JTRM
Campanulids_Erigeron_speciosus_DESP,Campanulids_Erigeron_speciosus_DESP
Campanulids_Escallonia_rubra_CLMX,Campanulids_Escallonia_rubra_CLMX
Campanulids_Escallonia_sp._cv._Newport_CLNU,Campanulids_Escallonia_sp._cv._Newport_CLNU
Campanulids_Flaveria_angustifolia-2_samples_combined_YRBQ,Campanulids_Flaveria_angustifolia-2_samples_combined_YRBQ
Campanulids_Flaveria_bidentis-2_samples_combined_JEPE,Campanulids_Flaveria_bidentis-2_samples_combined_JEPE
Campanulids_Flaveria_brownii-2_samples_combined_JYMN,Campanulids_Flaveria_brownii-2_samples_combined_JYMN
Campanulids_Flaveria_cronquestii-2_samples_combined_BIDT,Campanulids_Flaveria_cronquestii-2_samples_combined_BIDT
Campanulids_Flaveria_kochiana_QXWF,Campanulids_Flaveria_kochiana_QXWF
Campanulids_Flaveria_palmeri_NVSO,Campanulids_Flaveria_palmeri_NVSO
Campanulids_Flaveria_pringlei-2_samples_combined_AQZD,Campanulids_Flaveria_pringlei-2_samples_combined_AQZD
Campanulids_Flaveria_pubescens-2_samples_combined_LYPZ,Campanulids_Flaveria_pubescens-2_samples_combined_LYPZ
Campanulids_Flaveria_sonorensis_UYED,Campanulids_Flaveria_sonorensis_UYED
Campanulids_Flaveria_trinervia-2_samples_combined_ZCUA,Campanulids_Flaveria_trinervia-2_samples_combined_ZCUA
Campanulids_Flaveria_vaginata_HXCD,Campanulids_Flaveria_vaginata_HXCD
Campanulids_Griselinia_littoralis_MVSE,Campanulids_Griselinia_littoralis_MVSE
Campanulids_Griselinia_racemosa_QIKZ,Campanulids_Griselinia_racemosa_QIKZ
Campanulids_Hedera_helix-2_samples_combined_SUVN,Campanulids_Hedera_helix-2_samples_combined_SUVN
Campanulids_Helenium_autumnale_DUNJ,Campanulids_Helenium_autumnale_DUNJ
Campanulids_Helwingia_japonica_QACK,Campanulids_Helwingia_japonica_QACK
Campanulids_Heracleum_lanatum_CWYJ,Campanulids_Heracleum_lanatum_CWYJ
Campanulids_Hydrocotyle_umbellata_OINM,Campanulids_Hydrocotyle_umbellata_OINM
Campanulids_Ilex_paraguariensis_SXML,Campanulids_Ilex_paraguariensis_SXML
Campanulids_Ilex_sp._DFYF,Campanulids_Ilex_sp._DFYF
Campanulids_Ilex_vomitoria_ASMV,Campanulids_Ilex_vomitoria_ASMV
Campanulids_Inula_helenium_AFQQ,Campanulids_Inula_helenium_AFQQ
Campanulids_Lactuca_graminifolia-2_samples_combined_RFSD,Campanulids_Lactuca_graminifolia-2_samples_combined_RFSD
Campanulids_Leontopodium_alpinum_DOVJ,Campanulids_Leontopodium_alpinum_DOVJ
Campanulids_Lobelia_siphilitica_IZLO,Campanulids_Lobelia_siphilitica_IZLO
Campanulids_Lonicera_japonica_GSZA,Campanulids_Lonicera_japonica_GSZA
Campanulids_Matricaria_matricariodes_OAGK,Campanulids_Matricaria_matricariodes_OAGK
Campanulids_Menyanthes_trifoliata_IXVJ,Campanulids_Menyanthes_trifoliata_IXVJ
Campanulids_Mydocarpus_sp._AJFN,Campanulids_Mydocarpus_sp._AJFN
Campanulids_Pennantia_corymbosa_SBZH,Campanulids_Pennantia_corymbosa_SBZH
Campanulids_Phelline_lucida_AUIP,Campanulids_Phelline_lucida_AUIP
Campanulids_Pittosporum_resiniferum-fruit_SALZ,Campanulids_Pittosporum_resiniferum-fruit_SALZ
Campanulids_Pittosporum_sahnianum_NTEO,Campanulids_Pittosporum_sahnianum_NTEO
Campanulids_Platycodon_grandiflorus_IHPC,Campanulids_Platycodon_grandiflorus_IHPC
Campanulids_Platyspermation_crassifolium_TPEM,Campanulids_Platyspermation_crassifolium_TPEM
Campanulids_Polyscias_fruticosa_EDBB,Campanulids_Polyscias_fruticosa_EDBB
Campanulids_Sambucus_canadensis-2_samples_combined_ZJRC,Campanulids_Sambucus_canadensis-2_samples_combined_ZJRC
Campanulids_Scaevola_sp._HUQC,Campanulids_Scaevola_sp._HUQC
Campanulids_Senecio_rowleyanus_BMSE,Campanulids_Senecio_rowleyanus_BMSE
Campanulids_Silybum_marianum_EYKJ,Campanulids_Silybum_marianum_EYKJ
Campanulids_Solidago_canadensis_TEZA,Campanulids_Solidago_canadensis_TEZA
Campanulids_Stylidium_adnatum_FXGI,Campanulids_Stylidium_adnatum_FXGI
Campanulids_Symphoricarpos_sp._CAQZ,Campanulids_Symphoricarpos_sp._CAQZ
Campanulids_Tanacetum_parthenium_DUQG,Campanulids_Tanacetum_parthenium_DUQG
Campanulids_Tragopogon_castellanus_KFZY,Campanulids_Tragopogon_castellanus_KFZY
Campanulids_Tragopogon_dubius_DDRL,Campanulids_Tragopogon_dubius_DDRL
Campanulids_Tragopogon_porrifolius_KGJF,Campanulids_Tragopogon_porrifolius_KGJF
Campanulids_Tragopogon_pratensis_FUPX,Campanulids_Tragopogon_pratensis_FUPX
Campanulids_Valeriana_officianalis_FFFY,Campanulids_Valeriana_officianalis_FFFY
Campanulids_Viburnum_odoratissimum_HLJG,Campanulids_Viburnum_odoratissimum_HLJG
Campanulids_Xanthuium_strumarium_UBLN,Campanulids_Xanthuium_strumarium_UBLN
Canellales_Drimys_granadensis,Canellales_Drimys_granadensis
Caryophyllales_Aerva_lanata-2_samples_combined_PDQH,Caryophyllales_Aerva_lanata-2_samples_combined_PDQH
Caryophyllales_Aerva_persica-2_samples_combined_HDSY,Caryophyllales_Aerva_persica-2_samples_combined_HDSY
Caryophyllales_Allionia_incarnata-2_samples_combined_HMFE,Caryophyllales_Allionia_incarnata-2_samples_combined_HMFE
Caryophyllales_Allionia_spp._EGOS,Caryophyllales_Allionia_spp._EGOS
Caryophyllales_Alternanthera_brasileana-2_samples_combined_ZBPY,Caryophyllales_Alternanthera_brasileana-2_samples_combined_ZBPY
Caryophyllales_Alternanthera_caracasana-2_samples_combined_OHKC,Caryophyllales_Alternanthera_caracasana-2_samples_combined_OHKC
Caryophyllales_Alternanthera_sessilis-2_samples_combined_BWRK,Caryophyllales_Alternanthera_sessilis-2_samples_combined_BWRK
Caryophyllales_Alternanthera_tenella-2_samples_combined_EYRD,Caryophyllales_Alternanthera_tenella-2_samples_combined_EYRD
Caryophyllales_Amaranthus_cruentus_XSSD,Caryophyllales_Amaranthus_cruentus_XSSD
Caryophyllales_Amaranthus_retroflexus_WMLW,Caryophyllales_Amaranthus_retroflexus_WMLW
Caryophyllales_Ancistrocladus_tectorius_HSXO,Caryophyllales_Ancistrocladus_tectorius_HSXO
Caryophyllales_Anredera_baselloides,Caryophyllales_Anredera_baselloides
Caryophyllales_Atriplex_hortensis-2_samples_combined_ONLQ,Caryophyllales_Atriplex_hortensis-2_samples_combined_ONLQ
Caryophyllales_Atriplex_prostrata-2_samples_combined_AAXJ,Caryophyllales_Atriplex_prostrata-2_samples_combined_AAXJ
Caryophyllales_Atriplex_rosea-2_samples_combined_CBJR,Caryophyllales_Atriplex_rosea-2_samples_combined_CBJR
Caryophyllales_Basella_alba_CTYH,Caryophyllales_Basella_alba_CTYH
Caryophyllales_Beta_maritima_FVXD,Caryophyllales_Beta_maritima_FVXD
Caryophyllales_Blossfeldia_liliputana,Caryophyllales_Blossfeldia_liliputana
Caryophyllales_Blutoparon_vermiculare_CUTE,Caryophyllales_Blutoparon_vermiculare_CUTE
Caryophyllales_Boerhavia_cf._spiderwort-2_samples_combined_ZBTA,Caryophyllales_Boerhavia_cf._spiderwort-2_samples_combined_ZBTA
Caryophyllales_Boerhavia_dominnii-2_samples_combined_VJPU,Caryophyllales_Boerhavia_dominnii-2_samples_combined_VJPU
Caryophyllales_Bougainvillea_spectabilis_JAFJ,Caryophyllales_Bougainvillea_spectabilis_JAFJ
Caryophyllales_Chenopodium_quinoa_SMMC,Caryophyllales_Chenopodium_quinoa_SMMC
Caryophyllales_Cypselea_humifusum_GJNX,Caryophyllales_Cypselea_humifusum_GJNX
Caryophyllales_Delosperma_echinatum_BJKT,Caryophyllales_Delosperma_echinatum_BJKT
Caryophyllales_Dianthus_sp._SHEZ,Caryophyllales_Dianthus_sp._SHEZ
Caryophyllales_Didierea_madagascariensis,Caryophyllales_Didierea_madagascariensis
Caryophyllales_Fagopyrum_esculentum,Caryophyllales_Fagopyrum_esculentum
Caryophyllales_Hilleria_latifolia_SFKQ,Caryophyllales_Hilleria_latifolia_SFKQ
Caryophyllales_Kochia_scoparia_WGET,Caryophyllales_Kochia_scoparia_WGET
Caryophyllales_Limonium_spectabile_WOBD,Caryophyllales_Limonium_spectabile_WOBD
Caryophyllales_Lophophora_williamsii_CPKP,Caryophyllales_Lophophora_williamsii_CPKP
Caryophyllales_Maihuenia_poeppigii,Caryophyllales_Maihuenia_poeppigii
Caryophyllales_Microtea_debilis_YNFJ,Caryophyllales_Microtea_debilis_YNFJ
Caryophyllales_Mirabilis_jalapa-2_samples_combined_JGAB,Caryophyllales_Mirabilis_jalapa-2_samples_combined_JGAB
Caryophyllales_Mollugo_cerviana_RNBN,Caryophyllales_Mollugo_cerviana_RNBN
Caryophyllales_Mollugo_nudicaulis-2_samples_combined_SCAO,Caryophyllales_Mollugo_nudicaulis-2_samples_combined_SCAO
Caryophyllales_Mollugo_pentaphylla-2_samples_combined_KJAA,Caryophyllales_Mollugo_pentaphylla-2_samples_combined_KJAA
Caryophyllales_Mollugo_verticillata,Caryophyllales_Mollugo_verticillata
Caryophyllales_Mollugo_verticillata-2_samples_combined_NXTS,Caryophyllales_Mollugo_verticillata-2_samples_combined_NXTS
Caryophyllales_Nepenthes_alata-lower_leaf_WQUF,Caryophyllales_Nepenthes_alata-lower_leaf_WQUF
Caryophyllales_Opuntia_decumbens,Caryophyllales_Opuntia_decumbens
Caryophyllales_Pereskia_aculeata_JLOV,Caryophyllales_Pereskia_aculeata_JLOV
Caryophyllales_Pereskia_sacharosa,Caryophyllales_Pereskia_sacharosa
Caryophyllales_Pereskiopsis_diguetii,Caryophyllales_Pereskiopsis_diguetii
Caryophyllales_Petiveria_alliacea_AZBL,Caryophyllales_Petiveria_alliacea_AZBL
Caryophyllales_Physena_madagascariensis_RUUB,Caryophyllales_Physena_madagascariensis_RUUB
Caryophyllales_Phytolacca_americana_BKQU,Caryophyllales_Phytolacca_americana_BKQU
Caryophyllales_Phytolacca_bogotensis_MRKX,Caryophyllales_Phytolacca_bogotensis_MRKX
Caryophyllales_Plumbago_auriculata,Caryophyllales_Plumbago_auriculata
Caryophyllales_Plumbago_auriculata_CGGO,Caryophyllales_Plumbago_auriculata_CGGO
Caryophyllales_Polycarpaea_repens_RXEN,Caryophyllales_Polycarpaea_repens_RXEN
Caryophyllales_Polygonum_convolvulus_FYSJ,Caryophyllales_Polygonum_convolvulus_FYSJ
Caryophyllales_Portulaca_amilis-2_samples_combined_LDEL,Caryophyllales_Portulaca_amilis-2_samples_combined_LDEL
Caryophyllales_Portulaca_cryptopetala-2_samples_combined_LLQV,Caryophyllales_Portulaca_cryptopetala-2_samples_combined_LLQV
Caryophyllales_Portulaca_grandiflora_CPLT,Caryophyllales_Portulaca_grandiflora_CPLT
Caryophyllales_Portulaca_mauii-2_samples_combined_BLWH,Caryophyllales_Portulaca_mauii-2_samples_combined_BLWH
Caryophyllales_Portulaca_molokaiensis_UQCB,Caryophyllales_Portulaca_molokaiensis_UQCB
Caryophyllales_Portulaca_oleracea,Caryophyllales_Portulaca_oleracea
Caryophyllales_Portulaca_oleracea-2_samples_combined_EZGR,Caryophyllales_Portulaca_oleracea-2_samples_combined_EZGR
Caryophyllales_Portulaca_pilosa_IWIS,Caryophyllales_Portulaca_pilosa_IWIS
Caryophyllales_Portulaca_suffruticosa_GCYL,Caryophyllales_Portulaca_suffruticosa_GCYL
Caryophyllales_Portulaca_umbraticola_KDCH,Caryophyllales_Portulaca_umbraticola_KDCH
Caryophyllales_Portulacaria_afra,Caryophyllales_Portulacaria_afra
Caryophyllales_Saponaria_officianalis_SKNL,Caryophyllales_Saponaria_officianalis_SKNL
Caryophyllales_Sarcobatus_vermiculatus_GIWN,Caryophyllales_Sarcobatus_vermiculatus_GIWN
Caryophyllales_Schiedea_membranacea_OLES,Caryophyllales_Schiedea_membranacea_OLES
Caryophyllales_Sessuvium_portulacastrum-juvenile_leaf_HZTS,Caryophyllales_Sessuvium_portulacastrum-juvenile_leaf_HZTS
Caryophyllales_Sessuvium_ventricosum-2_samples_combined_EDIT,Caryophyllales_Sessuvium_ventricosum-2_samples_combined_EDIT
Caryophyllales_Silene_conica,Caryophyllales_Silene_conica
Caryophyllales_Silene_latifolia,Caryophyllales_Silene_latifolia
Caryophyllales_Silene_latifolia_FZQN,Caryophyllales_Silene_latifolia_FZQN
Caryophyllales_Silene_noctiflora,Caryophyllales_Silene_noctiflora
Caryophyllales_Silene_vulgaris,Caryophyllales_Silene_vulgaris
Caryophyllales_Simmondsia_chinensis_CVDF,Caryophyllales_Simmondsia_chinensis_CVDF
Caryophyllales_Spergularia_media_TJES,Caryophyllales_Spergularia_media_TJES
Caryophyllales_Spinacia_oleracea,Caryophyllales_Spinacia_oleracea
Caryophyllales_Talinum_sp.-A_LKKX,Caryophyllales_Talinum_sp.-A_LKKX
Caryophyllales_Tamarix_chinensis_HTDC,Caryophyllales_Tamarix_chinensis_HTDC
Caryophyllales_Trianthemum_portulacastrum-2_samples_combined_OMYK,Caryophyllales_Trianthemum_portulacastrum-2_samples_combined_OMYK
Caryophyllales_Weingartia_kargliana,Caryophyllales_Weingartia_kargliana
Caryophyllales_Zaleya_pentandra_BERS,Caryophyllales_Zaleya_pentandra_BERS
Celastrales_Euonymus_americanus,Celastrales_Euonymus_americanus
Ceratophyllales_Ceratophyllum_demersum,Ceratophyllales_Ceratophyllum_demersum
Chloranthales_Chloranthus_spicatus,Chloranthales_Chloranthus_spicatus
COAQ,Malesherbia_fasciculata_COAQ
Commelinales_Belosynapsis_ciliata,Commelinales_Belosynapsis_ciliata
Commelinales_Tradescantia_ohiensis,Commelinales_Tradescantia_ohiensis
Conifers_Abies_firma,Conifers_Abies_firma
Conifers_Abies_lasiocarpa_VSRH,Conifers_Abies_lasiocarpa_VSRH
Conifers_Acmopyle_pancheri_HILW,Conifers_Acmopyle_pancheri_HILW
Conifers_Agathis_australis,Conifers_Agathis_australis
Conifers_Agathis_robusta_MIXZ,Conifers_Agathis_robusta_MIXZ
Conifers_Amentotaxus_argotaenia_IAJW,Conifers_Amentotaxus_argotaenia_IAJW
Conifers_Araucaria_rulei_XTZO,Conifers_Araucaria_rulei_XTZO
Conifers_Arucaria_sp._ACWS,Conifers_Arucaria_sp._ACWS
Conifers_Athrotaxis_cupressoides_XIRK,Conifers_Athrotaxis_cupressoides_XIRK
Conifers_Austrocedrus_chilensis_YYPE,Conifers_Austrocedrus_chilensis_YYPE
Conifers_Austrotaxus_spicata_BTTS,Conifers_Austrotaxus_spicata_BTTS
Conifers_Callitris_gracilis-March_IFLI,Conifers_Callitris_gracilis-March_IFLI
Conifers_Callitris_macleayana-March_RMMV,Conifers_Callitris_macleayana-March_RMMV
Conifers_Calocedrus_decurrens_FRPM,Conifers_Calocedrus_decurrens_FRPM
Conifers_Cathaya_agryrophylla_NPRL,Conifers_Cathaya_agryrophylla_NPRL
Conifers_Cathaya_argyrophylla,Conifers_Cathaya_argyrophylla
Conifers_Cedrus_deodaraNC,Conifers_Cedrus_deodaraNC
Conifers_Cedrus_libani_GGEA,Conifers_Cedrus_libani_GGEA
Conifers_Cephalotaxus_harringtonia-2_samples_combined_NVGZ,Conifers_Cephalotaxus_harringtonia-2_samples_combined_NVGZ
Conifers_Cephalotaxus_wilsoniana,Conifers_Cephalotaxus_wilsoniana
Conifers_Chamaecyparis_lawsoniana_AIGO,Conifers_Chamaecyparis_lawsoniana_AIGO
Conifers_Cryptomeria_japonica,Conifers_Cryptomeria_japonica
Conifers_Cryptomeria_japonica-2_samples_combined_GMHZ,Conifers_Cryptomeria_japonica-2_samples_combined_GMHZ
Conifers_Cunninghamia_lanceolata-2_samples_combined_ZQVF,Conifers_Cunninghamia_lanceolata-2_samples_combined_ZQVF
Conifers_Cupressus_dupreziana_QNGJ,Conifers_Cupressus_dupreziana_QNGJ
Conifers_Cycas_micholitzii_XZUY,Conifers_Cycas_micholitzii_XZUY
Conifers_Cycas_micronesica,Conifers_Cycas_micronesica
Conifers_Cycas_taitungensis,Conifers_Cycas_taitungensis
Conifers_Dacrycarpus_compactus_FMWZ,Conifers_Dacrycarpus_compactus_FMWZ
Conifers_Dacrydium_balansae_IZGN,Conifers_Dacrydium_balansae_IZGN
Conifers_Dioon_edule_WLIC,Conifers_Dioon_edule_WLIC
Conifers_Diselma_archeri_GKCZ,Conifers_Diselma_archeri_GKCZ
Conifers_Encephalartos_barteri_GNQG,Conifers_Encephalartos_barteri_GNQG
Conifers_Ephedra_equisetina,Conifers_Ephedra_equisetina
Conifers_Ephedra_sinica_VDAO,Conifers_Ephedra_sinica_VDAO
Conifers_Falcatifolium_taxoides-3_samples_combined_UAUU,Conifers_Falcatifolium_taxoides-3_samples_combined_UAUU
Conifers_Fokienia_hodginsii_UEVI,Conifers_Fokienia_hodginsii_UEVI
Conifers_Ginkgo_biloba,Conifers_Ginkgo_biloba
Conifers_Ginkgo_biloba_SGTW,Conifers_Ginkgo_biloba_SGTW
Conifers_Glyptostrobus_pensilis_OXGJ,Conifers_Glyptostrobus_pensilis_OXGJ
Conifers_Gnetum_montanum_GTHK,Conifers_Gnetum_montanum_GTHK
Conifers_Gnetum_parvifolium,Conifers_Gnetum_parvifolium
Conifers_Halocarpus_bidwillii_OWFC,Conifers_Halocarpus_bidwillii_OWFC
Conifers_Halocarpus_kirkii,Conifers_Halocarpus_kirkii
Conifers_Juniperus_scopulorum_XMGP,Conifers_Juniperus_scopulorum_XMGP
Conifers_Keteleeria_davidiana,Conifers_Keteleeria_davidiana
Conifers_Keteleeria_evelyniana_JUWL,Conifers_Keteleeria_evelyniana_JUWL
Conifers_Lagarostrobos_franklinii_ZQWM,Conifers_Lagarostrobos_franklinii_ZQWM
Conifers_Larix_decidua,Conifers_Larix_decidua
Conifers_Larix_occidentalis,Conifers_Larix_occidentalis
Conifers_Larix_speciosa_WVWN,Conifers_Larix_speciosa_WVWN
Conifers_Manoao_colensoi_CDFR,Conifers_Manoao_colensoi_CDFR
Conifers_Metasequoia_glyptostroboides_NRXL,Conifers_Metasequoia_glyptostroboides_NRXL
Conifers_Microbiota_decussata_XQSG,Conifers_Microbiota_decussata_XQSG
Conifers_Microcachrys_tetragona_MHGD,Conifers_Microcachrys_tetragona_MHGD
Conifers_Microstrobos_fitzgeraldii_BBDD,Conifers_Microstrobos_fitzgeraldii_BBDD
Conifers_Nageia_nagi_UUJS,Conifers_Nageia_nagi_UUJS
Conifers_Neocallitropsis_pancheri_JDQB,Conifers_Neocallitropsis_pancheri_JDQB
Conifers_Nothotsuga_longibracteata_AREG,Conifers_Nothotsuga_longibracteata_AREG
Conifers_Papuacedrus_papuana_OVIJ,Conifers_Papuacedrus_papuana_OVIJ
Conifers_Parasitaxus_usta_JZVE,Conifers_Parasitaxus_usta_JZVE
Conifers_Phyllocladus_hypohyllus_JRNA,Conifers_Phyllocladus_hypohyllus_JRNA
Conifers_Picea_engelmanii_AWQB,Conifers_Picea_engelmanii_AWQB
Conifers_Picea_morrisonicola,Conifers_Picea_morrisonicola
Conifers_Picea_sitchensis,Conifers_Picea_sitchensis
Conifers_Pilgerodendron_uviferum_ETCJ,Conifers_Pilgerodendron_uviferum_ETCJ
Conifers_Pinus_albicaulis,Conifers_Pinus_albicaulis
Conifers_Pinus_aristata,Conifers_Pinus_aristata
Conifers_Pinus_armandii,Conifers_Pinus_armandii
Conifers_Pinus_attenuata,Conifers_Pinus_attenuata
Conifers_Pinus_ayacahuite,Conifers_Pinus_ayacahuite
Conifers_Pinus_banksiana,Conifers_Pinus_banksiana
Conifers_Pinus_canariensis,Conifers_Pinus_canariensis
Conifers_Pinus_cembra,Conifers_Pinus_cembra
Conifers_Pinus_contorta,Conifers_Pinus_contorta
Conifers_Pinus_flexilis,Conifers_Pinus_flexilis
Conifers_Pinus_gerardiana,Conifers_Pinus_gerardiana
Conifers_Pinus_jeffreyi_MFTM,Conifers_Pinus_jeffreyi_MFTM
Conifers_Pinus_koraiensis,Conifers_Pinus_koraiensis
Conifers_Pinus_krempfii,Conifers_Pinus_krempfii
Conifers_Pinus_lambertiana,Conifers_Pinus_lambertiana
Conifers_Pinus_leiophylla_var_chihuahuana,Conifers_Pinus_leiophylla_var_chihuahuana
Conifers_Pinus_merkusii,Conifers_Pinus_merkusii
Conifers_Pinus_monophylla,Conifers_Pinus_monophylla
Conifers_Pinus_monticola,Conifers_Pinus_monticola
Conifers_Pinus_nelsonii,Conifers_Pinus_nelsonii
Conifers_Pinus_parviflora_IIOL,Conifers_Pinus_parviflora_IIOL
Conifers_Pinus_parviflora_var_pentaphylla,Conifers_Pinus_parviflora_var_pentaphylla
Conifers_Pinus_peuce,Conifers_Pinus_peuce
Conifers_Pinus_pinaster,Conifers_Pinus_pinaster
Conifers_Pinus_ponderosa,Conifers_Pinus_ponderosa
Conifers_Pinus_ponderosa_JBND,Conifers_Pinus_ponderosa_JBND
Conifers_Pinus_radiata_DZQM,Conifers_Pinus_radiata_DZQM
Conifers_Pinus_resinosa,Conifers_Pinus_resinosa
Conifers_Pinus_rzedowskii,Conifers_Pinus_rzedowskii
Conifers_Pinus_sibirica,Conifers_Pinus_sibirica
Conifers_Pinus_squamata,Conifers_Pinus_squamata
Conifers_Pinus_strobus,Conifers_Pinus_strobus
Conifers_Pinus_taeda,Conifers_Pinus_taeda
Conifers_Pinus_thunbergiiNC,Conifers_Pinus_thunbergiiNC
Conifers_Pinus_torreyana_subsp_insularis,Conifers_Pinus_torreyana_subsp_insularis
Conifers_Pinus_torreyana_subsp_torreyana,Conifers_Pinus_torreyana_subsp_torreyana
Conifers_Platycladus_orientalis_BUWV,Conifers_Platycladus_orientalis_BUWV
Conifers_Podocarpus_coriaceus_SCEB,Conifers_Podocarpus_coriaceus_SCEB
Conifers_Podocarpus_rubens_XLGK,Conifers_Podocarpus_rubens_XLGK
Conifers_Podocarpus_totara,Conifers_Podocarpus_totara
Conifers_Prumnopitys_andina_EGLZ,Conifers_Prumnopitys_andina_EGLZ
Conifers_Pseudolarix_amabilis_AQFM,Conifers_Pseudolarix_amabilis_AQFM
Conifers_Pseudotaxus_chienii_YLPM,Conifers_Pseudotaxus_chienii_YLPM
Conifers_Pseudotsuga_menziesii_IOVS,Conifers_Pseudotsuga_menziesii_IOVS
Conifers_Pseudotsuga_sinensis,Conifers_Pseudotsuga_sinensis
Conifers_Retrophyllum_minus_VGSX,Conifers_Retrophyllum_minus_VGSX
Conifers_Saxegothaea_conspicua_QCGM,Conifers_Saxegothaea_conspicua_QCGM
Conifers_Sciadopitys_verticillata_YFZK,Conifers_Sciadopitys_verticillata_YFZK
Conifers_Sequoia_sempervirens_HBGV,Conifers_Sequoia_sempervirens_HBGV
Conifers_Sequoiadendron_giganteum-Glaucum_QFAE,Conifers_Sequoiadendron_giganteum-Glaucum_QFAE
Conifers_Stangeria_eriopus_KAWQ,Conifers_Stangeria_eriopus_KAWQ
Conifers_Sundacarpus_amarus_KLGF,Conifers_Sundacarpus_amarus_KLGF
Conifers_Taiwania_cryptomerioides,Conifers_Taiwania_cryptomerioides
Conifers_Taiwania_cryptomerioides_QSNJ,Conifers_Taiwania_cryptomerioides_QSNJ
Conifers_Taxodium_distichum_FHST,Conifers_Taxodium_distichum_FHST
Conifers_Taxus_baccata_WWSS,Conifers_Taxus_baccata_WWSS
Conifers_Taxus_cuspidata_ZYAX,Conifers_Taxus_cuspidata_ZYAX
Conifers_Tetraclinis_sp._CGDN,Conifers_Tetraclinis_sp._CGDN
Conifers_Thuja_plicata_VFYZ,Conifers_Thuja_plicata_VFYZ
Conifers_Thujopsis_dolabrata_NKIN,Conifers_Thujopsis_dolabrata_NKIN
Conifers_Torreya_nucifera_HQOM,Conifers_Torreya_nucifera_HQOM
Conifers_Torreya_taxifolia_EFMS,Conifers_Torreya_taxifolia_EFMS
Conifers_Tsuga_heterophylla_GAMH,Conifers_Tsuga_heterophylla_GAMH
Conifers_Welwitschia_mirabilis,Conifers_Welwitschia_mirabilis
Conifers_Welwitschia_mirabilis_TOXE,Conifers_Welwitschia_mirabilis_TOXE
Conifers_Widdringtonia_cedarbergensis_AUDE,Conifers_Widdringtonia_cedarbergensis_AUDE
Conifers_Wollemia_nobilis_RSCE,Conifers_Wollemia_nobilis_RSCE
Cornales_Cornus_florida,Cornales_Cornus_florida
Cornales_Davidia_involucrata,Cornales_Davidia_involucrata
Cornales_Ericales_Actinidia_chinensis_QAUE,Ericales_Actinidia_chinensis_QAUE
Cornales_Ericales_Alangium_chinense_FWBF,Cornales_Alangium_chinense_FWBF
Cornales_Ericales_Ardisia_humilis_ODDO,Ericales_Ardisia_humilis_ODDO
Cornales_Ericales_Ardisia_revoluta_DAAD,Ericales_Ardisia_revoluta_DAAD
Cornales_Ericales_Caiophora_chuquitensis_VTLJ,Cornales_Caiophora_chuquitensis_VTLJ
Cornales_Ericales_Camptotheca_acuminata_XONJ,Cornales_Camptotheca_acuminata_XONJ
Cornales_Ericales_Cavendishia_cuatrecasasii_AVJK,Ericales_Cavendishia_cuatrecasasii_AVJK
Cornales_Ericales_Cornus_floridana_BFJL,Cornales_Cornus_floridana_BFJL
Cornales_Ericales_Curtisia_dentata_UZNH,Cornales_Curtisia_dentata_UZNH
Cornales_Ericales_Dichroa_febrifuga_QURC,Cornales_Dichroa_febrifuga_QURC
Cornales_Ericales_Diospyros_malabarica_KVFU,Ericales_Diospyros_malabarica_KVFU
Cornales_Ericales_Fouqueria_macdougalli_YSRZ,Ericales_Fouqueria_macdougalli_YSRZ
Cornales_Ericales_Galax_urceolata-2_samples_combined_PIYM,Ericales_Galax_urceolata-2_samples_combined_PIYM
Cornales_Ericales_Hydrangea_quercifolia_ZETY,Cornales_Hydrangea_quercifolia_ZETY
Cornales_Ericales_Impatiens_balsamifera_JEXA,Ericales_Impatiens_balsamifera_JEXA
Cornales_Ericales_Jacquinia_sp._PTFA,Ericales_Jacquinia_sp._PTFA
Cornales_Ericales_Ledum_palustre_WXVX,Ericales_Ledum_palustre_WXVX
Cornales_Ericales_Maesa_lanceolata-2_samples_combined_VKJD,Ericales_Maesa_lanceolata-2_samples_combined_VKJD
Cornales_Ericales_Manilkara_zapota_BEFC,Ericales_Manilkara_zapota_BEFC
Cornales_Ericales_Nyssa_ogeche_VUSY,Cornales_Nyssa_ogeche_VUSY
Cornales_Ericales_Philadelphus_inodorus-2_samples_combined_YCVD,Cornales_Philadelphus_inodorus-2_samples_combined_YCVD
Cornales_Ericales_Phlox_drummondii_WVMY,Ericales_Phlox_drummondii_WVMY
Cornales_Ericales_Phlox_sp._FNEN,Ericales_Phlox_sp._FNEN
Cornales_Ericales_Rhododendron_scopulorum_PPPZ,Ericales_Rhododendron_scopulorum_PPPZ
Cornales_Ericales_Roridula_gorgonias_HUSX,Ericales_Roridula_gorgonias_HUSX
Cornales_Ericales_Sarcodes_sanguinea_SERM,Ericales_Sarcodes_sanguinea_SERM
Cornales_Ericales_Sideroxylon_reclinatum_OXYP,Ericales_Sideroxylon_reclinatum_OXYP
Cornales_Ericales_Sinojackia_xylocarpa_AXBO,Ericales_Sinojackia_xylocarpa_AXBO
Cornales_Ericales_Souroubea_exauriculata_BNTL,Ericales_Souroubea_exauriculata_BNTL
Cornales_Ericales_Symplocus_sp._JPDJ,Ericales_Symplocus_sp._JPDJ
Cornales_Ericales_Synsepalum_dulcificum_WRPP,Ericales_Synsepalum_dulcificum_WRPP
Cornales_Ericales_Ternstroemia_gymnanthera_NGRR,Ericales_Ternstroemia_gymnanthera_NGRR
Crossosomatales_Staphylea_colchica,Crossosomatales_Staphylea_colchica
Cucurbitales_Corynocarpus_laevigata,Cucurbitales_Corynocarpus_laevigata
Cucurbitales_Cucumis_melo,Cucurbitales_Cucumis_melo
Cucurbitales_Cucumis_sativus,Cucurbitales_Cucumis_sativus
Dioscoreales_Dioscorea_elephantipes,Dioscoreales_Dioscorea_elephantipes
Dipsacales_Lonicera_japonica,Dipsacales_Lonicera_japonica
Ericales_Arbutus_unedo,Ericales_Arbutus_unedo
Ericales_Franklinia_alatamaha,Ericales_Franklinia_alatamaha
Ericales_Rhododendron_simsii,Ericales_Rhododendron_simsii
Fabales_Cicer_arietinum,Fabales_Cicer_arietinum
Fabales_Glycine_max,Fabales_Glycine_max
Fabales_Lathyrus_sativus,Fabales_Lathyrus_sativus
Fabales_Lotus_japonicus,Fabales_Lotus_japonicus
Fabales_Medicago_truncatula,Fabales_Medicago_truncatula
Fabales_Millettia_pinnata,Fabales_Millettia_pinnata
Fabales_Phaseolus_vulgaris,Fabales_Phaseolus_vulgaris
Fabales_Pisum_sativum,Fabales_Pisum_sativum
Fabales_Trifolium_subterraneum,Fabales_Trifolium_subterraneum
Fabales_Vigna_radiata,Fabales_Vigna_radiata
Fabids_Acacia_argyrophylla-Nov._ZCDJ,Fabids_Acacia_argyrophylla-Nov._ZCDJ
Fabids_Acacia_pycnantha-2_samples_combined_PJSX,Fabids_Acacia_pycnantha-2_samples_combined_PJSX
Fabids_Alnus_serrulata_LWDA,Fabids_Alnus_serrulata_LWDA
Fabids_Amelanchier_canadensis_EAVM,Fabids_Amelanchier_canadensis_EAVM
Fabids_Apios_americana_NXOH,Fabids_Apios_americana_NXOH
Fabids_Aruncus_dioicus_ZPKK,Fabids_Aruncus_dioicus_ZPKK
Fabids_Astragalus_membranaceus_HJMP,Fabids_Astragalus_membranaceus_HJMP
Fabids_Astragalus_propinquus_MYMP,Fabids_Astragalus_propinquus_MYMP
Fabids_Bauhinia_tomentosa_JETM,Fabids_Bauhinia_tomentosa_JETM
Fabids_Begonia_sp._OCTM,Fabids_Begonia_sp._OCTM
Fabids_Betula_pendula_CWZU,Fabids_Betula_pendula_CWZU
Fabids_Bischofia_javanica_VNMY,Fabids_Bischofia_javanica_VNMY
Fabids_Bituminaria_bituminosa_TVSH,Fabids_Bituminaria_bituminosa_TVSH
Fabids_Boehmeria_nivea_ACFP,Fabids_Boehmeria_nivea_ACFP
Fabids_Cannabis_sativa-4_samples_combined_BJSW,Fabids_Cannabis_sativa-4_samples_combined_BJSW
Fabids_Carya_glabra_VWIP,Fabids_Carya_glabra_VWIP
Fabids_Castanea_crenata_NHUA,Fabids_Castanea_crenata_NHUA
Fabids_Castanea_pumila_UZWG,Fabids_Castanea_pumila_UZWG
Fabids_Celtis_occidentalis_KYAD,Fabids_Celtis_occidentalis_KYAD
Fabids_Cephalotus_follicularis_YZVJ,Fabids_Cephalotus_follicularis_YZVJ
Fabids_Cercis_canadensis_RKFX,Fabids_Cercis_canadensis_RKFX
Fabids_Cercocarpus_ledifolius_XFFT,Fabids_Cercocarpus_ledifolius_XFFT
Fabids_Chamaseyce_mesebyranthemum-2_samples_combined_RHAU,Fabids_Chamaseyce_mesebyranthemum-2_samples_combined_RHAU
Fabids_Chrysobalanus_icaco_ZBVT,Fabids_Chrysobalanus_icaco_ZBVT
Fabids_Cladrastis_lutea_SLYR,Fabids_Cladrastis_lutea_SLYR
Fabids_Codariocalyx_motorius_SUAK,Fabids_Codariocalyx_motorius_SUAK
Fabids_Copaifera_officianalis_RKLL,Fabids_Copaifera_officianalis_RKLL
Fabids_Coriaria_nepalensis_NNGU,Fabids_Coriaria_nepalensis_NNGU
Fabids_Cotoneaster_transcaucasicus_QIEH,Fabids_Cotoneaster_transcaucasicus_QIEH
Fabids_Crossopetalum_rhacoma_IHCQ,Fabids_Crossopetalum_rhacoma_IHCQ
Fabids_Croton_tiglium_VVPY,Fabids_Croton_tiglium_VVPY
Fabids_Cunonia_capensis_TIUZ,Fabids_Cunonia_capensis_TIUZ
Fabids_Desmanthus_illinoensis_XOOE,Fabids_Desmanthus_illinoensis_XOOE
Fabids_Dryas_octopetala_SQCF,Fabids_Dryas_octopetala_SQCF
Fabids_Drypetes_deplanchei_RVGH,Fabids_Drypetes_deplanchei_RVGH
Fabids_Elaeagnus_pungens_RBYC,Fabids_Elaeagnus_pungens_RBYC
Fabids_Elaeocarpus_sylvestris_THHD,Fabids_Elaeocarpus_sylvestris_THHD
Fabids_Erythroxylum_coca_RPPC,Fabids_Erythroxylum_coca_RPPC
Fabids_Euphorbia_pekinensis_PXYR,Fabids_Euphorbia_pekinensis_PXYR
Fabids_Fagus_sylvatica_SVVG,Fabids_Fagus_sylvatica_SVVG
Fabids_Ficus_religiosa_EDHN,Fabids_Ficus_religiosa_EDHN
Fabids_Galphimia_gracilis_XPBC,Fabids_Galphimia_gracilis_XPBC
Fabids_Garcinia_livingstonei_OSIP,Fabids_Garcinia_livingstonei_OSIP
Fabids_Garcinia_oblongiflolia_FWCQ,Fabids_Garcinia_oblongiflolia_FWCQ
Fabids_Geum_quellyon_DHAW,Fabids_Geum_quellyon_DHAW
Fabids_Gleditsia_sinensis_VHZV,Fabids_Gleditsia_sinensis_VHZV
Fabids_Gleditsia_triacanthos_GEHT,Fabids_Gleditsia_triacanthos_GEHT
Fabids_Glycine_soja-9_samples_combined_KEGA,Fabids_Glycine_soja-9_samples_combined_KEGA
Fabids_Glycyrrhiza_glabra_PEZP,Fabids_Glycyrrhiza_glabra_PEZP
Fabids_Glycyrrhiza_lepidota_JTQQ,Fabids_Glycyrrhiza_lepidota_JTQQ
Fabids_Gompholobium_polymorphum_VLNB,Fabids_Gompholobium_polymorphum_VLNB
Fabids_Gymnocladus_dioicus_QZXQ,Fabids_Gymnocladus_dioicus_QZXQ
Fabids_Humulus_lupulus_AQGE,Fabids_Humulus_lupulus_AQGE
Fabids_Hypericum_perforatum_BNDE,Fabids_Hypericum_perforatum_BNDE
Fabids_Juglans_nigra_DXQW,Fabids_Juglans_nigra_DXQW
Fabids_Kerria_japonica_TJQY,Fabids_Kerria_japonica_TJQY
Fabids_Krameria_lanceolata_ZHMB,Fabids_Krameria_lanceolata_ZHMB
Fabids_Larrea_tridentata_UDUT,Fabids_Larrea_tridentata_UDUT
Fabids_Lathyrus_sativus_KNMB,Fabids_Lathyrus_sativus_KNMB
Fabids_Licania_michauxii_HBUQ,Fabids_Licania_michauxii_HBUQ
Fabids_Linum_bienne-CN_107293_OODC,Fabids_Linum_bienne-CN_107293_OODC
Fabids_Linum_flavum_AXPJ,Fabids_Linum_flavum_AXPJ
Fabids_Linum_grandiflorum_MYVH,Fabids_Linum_grandiflorum_MYVH
Fabids_Linum_hirsutum_HNCF,Fabids_Linum_hirsutum_HNCF
Fabids_Linum_leonii_AEPI,Fabids_Linum_leonii_AEPI
Fabids_Linum_lewisii_BHYC,Fabids_Linum_lewisii_BHYC
Fabids_Linum_macraei_KCPT,Fabids_Linum_macraei_KCPT
Fabids_Linum_perenne-2_samples_combined_BVOF,Fabids_Linum_perenne-2_samples_combined_BVOF
Fabids_Linum_strictum_TXMP,Fabids_Linum_strictum_TXMP
Fabids_Linum_tenuifolium_VXOD,Fabids_Linum_tenuifolium_VXOD
Fabids_Linum_usitatissimum-3_samples_combined_POZS,Fabids_Linum_usitatissimum-3_samples_combined_POZS
Fabids_Lupinus_angustifolius_TTRG,Fabids_Lupinus_angustifolius_TTRG
Fabids_Lupinus_polyphyllus_CMFF,Fabids_Lupinus_polyphyllus_CMFF
Fabids_Malus_baccata_VCIN,Fabids_Malus_baccata_VCIN
Fabids_Manihot_grahamii_XNLP,Fabids_Manihot_grahamii_XNLP
Fabids_Morus_nigra_XVJB,Fabids_Morus_nigra_XVJB
Fabids_Mumea_americana_NFXV,Fabids_Mumea_americana_NFXV
Fabids_Myrica_cerifera_INSP,Fabids_Myrica_cerifera_INSP
Fabids_Nothofagus_obliqua_TJLC,Fabids_Nothofagus_obliqua_TJLC
Fabids_Ochna_mossambicensis_TVCU,Fabids_Ochna_mossambicensis_TVCU
Fabids_Ochna_serrulata_CKDK,Fabids_Ochna_serrulata_CKDK
Fabids_Oxalis_sp._JHCN,Fabids_Oxalis_sp._JHCN
Fabids_Passiflora_caerulea_SIZE,Fabids_Passiflora_caerulea_SIZE
Fabids_Passiflora_edulis_EZZT,Fabids_Passiflora_edulis_EZZT
Fabids_Passiflora_sp_ZIWB,Fabids_Passiflora_sp_ZIWB
Fabids_Phyllanthus_sp._YGAT,Fabids_Phyllanthus_sp._YGAT
Fabids_Physocarpus_opulifolius_SXCE,Fabids_Physocarpus_opulifolius_SXCE
Fabids_Polygala_lutea_OHAE,Fabids_Polygala_lutea_OHAE
Fabids_Prunus_prostrata_NCVK,Fabids_Prunus_prostrata_NCVK
Fabids_Quercus_shumardii_HENI,Fabids_Quercus_shumardii_HENI
Fabids_Quillaja_saponaria_OQHZ,Fabids_Quillaja_saponaria_OQHZ
Fabids_Rhamnus_caroliniana_WVEF,Fabids_Rhamnus_caroliniana_WVEF
Fabids_Rhamnus_japonica_EILE,Fabids_Rhamnus_japonica_EILE
Fabids_Rhizophora_mangle_ZTLR,Fabids_Rhizophora_mangle_ZTLR
Fabids_Ricinus_communis_PAZJ,Fabids_Ricinus_communis_PAZJ
Fabids_Rosa_palustris_IANR,Fabids_Rosa_palustris_IANR
Fabids_Salix_acutifolia_INQX,Fabids_Salix_acutifolia_INQX
Fabids_Salix_dasyclados_IEPQ,Fabids_Salix_dasyclados_IEPQ
Fabids_Salix_eriocephala_GLVK,Fabids_Salix_eriocephala_GLVK
Fabids_Salix_fargesii_RZTJ,Fabids_Salix_fargesii_RZTJ
Fabids_Salix_purpurea_LFOG,Fabids_Salix_purpurea_LFOG
Fabids_Salix_sachalinensis_TDTF,Fabids_Salix_sachalinensis_TDTF
Fabids_Salix_viminalis_KKDQ,Fabids_Salix_viminalis_KKDQ
Fabids_Sanguisorba_minor_QNOC,Fabids_Sanguisorba_minor_QNOC
Fabids_Senna_hebecarpa_KZED,Fabids_Senna_hebecarpa_KZED
Fabids_Sorbus_koehneana_BLVL,Fabids_Sorbus_koehneana_BLVL
Fabids_Stackhousia_spathulata_MFEA,Fabids_Stackhousia_spathulata_MFEA
Fabids_Thladiantha_villosula_AXAF,Fabids_Thladiantha_villosula_AXAF
Fabids_Trubulus_eichlerianus_KVAY,Fabids_Trubulus_eichlerianus_KVAY
Fabids_Ulmus_alata_CQMG,Fabids_Ulmus_alata_CQMG
Fabids_Urtica_dioica_WKCY,Fabids_Urtica_dioica_WKCY
Fabids_Viola_canadensis_NJLF,Fabids_Viola_canadensis_NJLF
Fabids_Viola_tricolor_LPGY,Fabids_Viola_tricolor_LPGY
Fabids_Wisteria_floribunda_RMWJ,Fabids_Wisteria_floribunda_RMWJ
Fabids_Xanthicercis_zambesiaca_ZSSR,Fabids_Xanthicercis_zambesiaca_ZSSR
Fabids_Ziziphus_jujuba_ZHEE,Fabids_Ziziphus_jujuba_ZHEE
Fagales_Castanea_mollissima,Fagales_Castanea_mollissima
Fagales_Quercus_nigra,Fagales_Quercus_nigra
Garryales_Aucuba_japonica,Garryales_Aucuba_japonica
Gentianales_Coffea_arabica,Gentianales_Coffea_arabica
Gentianales_Nerium_oleander,Gentianales_Nerium_oleander
Geraniales_Erodium_carvifolium,Geraniales_Erodium_carvifolium
Geraniales_Erodium_texanum,Geraniales_Erodium_texanum
Geraniales_Geranium_palmatum,Geraniales_Geranium_palmatum
Geraniales_Monsonia_speciosa,Geraniales_Monsonia_speciosa
Geraniales_Pelargonium_x,Geraniales_Pelargonium_x
Gunnerales_Gunnera_manicata,Gunnerales_Gunnera_manicata
H_goudotiana,Hydrostachys_goudotiana_9626
H_imbricata,Hydrostachys_imbricata_9625
H_polymorpha,Hydrostachys_polymorpha_Yi15199
H_sp,Hydrostachys_sp_CF2019
HYZL,Akania_lucens_HYZL
Lamiales_Antirrhinum_majus,Lamiales_Antirrhinum_majus
Lamiales_Boea_hygrometrica,Lamiales_Boea_hygrometrica
Lamiales_Epifagus_virginiana,Lamiales_Epifagus_virginiana
Lamiales_Jasminum_nudiflorum,Lamiales_Jasminum_nudiflorum
Lamiales_Olea_europaeacuspi,Lamiales_Olea_europaeacuspi
Lamiales_Olea_europaeaeuro,Lamiales_Olea_europaeaeuro
Lamiales_Olea_europaeamaro,Lamiales_Olea_europaeamaro
Lamiales_Olea_woodiana,Lamiales_Olea_woodiana
Lamiales_Sesamum_indicum,Lamiales_Sesamum_indicum
Lamiids_Agastache_rugosa_PUCW,Lamiids_Agastache_rugosa_PUCW
Lamiids_Ajuga_reptans_UCNM,Lamiids_Ajuga_reptans_UCNM
Lamiids_Allamanda_cathartica_MGVU,Lamiids_Allamanda_cathartica_MGVU
Lamiids_Anisacanthus_quadrifidas_PCGJ,Lamiids_Anisacanthus_quadrifidas_PCGJ
Lamiids_Anticharis_glandulosa_EJBY,Lamiids_Anticharis_glandulosa_EJBY
Lamiids_Antirrhinum_braun-blanquetii_YRHD,Lamiids_Antirrhinum_braun-blanquetii_YRHD
Lamiids_Apocynum_androsaemifolium-2_samples_combined_YFQX,Lamiids_Apocynum_androsaemifolium-2_samples_combined_YFQX
Lamiids_Asclepia_curassavica_DSUV,Lamiids_Asclepia_curassavica_DSUV
Lamiids_Asclepias_syriaca_YADI,Lamiids_Asclepias_syriaca_YADI
Lamiids_Atropa_belladonna_BOLZ,Lamiids_Atropa_belladonna_BOLZ
Lamiids_Aucuba_japonica_GIPR,Lamiids_Aucuba_japonica_GIPR
Lamiids_Bacopa_caroliniana_CLRW,Lamiids_Bacopa_caroliniana_CLRW
Lamiids_Brugmansia_sanguinea_AIOU,Lamiids_Brugmansia_sanguinea_AIOU
Lamiids_Buddleja_lindleyana_XRLM,Lamiids_Buddleja_lindleyana_XRLM
Lamiids_Buddleja_sp._GRFT,Lamiids_Buddleja_sp._GRFT
Lamiids_Byblis_gigantea_GDZS,Lamiids_Byblis_gigantea_GDZS
Lamiids_Calceolaria_pinifolia_DCCI,Lamiids_Calceolaria_pinifolia_DCCI
Lamiids_Catharanthus_roseus_UOYN,Lamiids_Catharanthus_roseus_UOYN
Lamiids_Celsia_arcturus_SIBR,Lamiids_Celsia_arcturus_SIBR
Lamiids_Chionanthus_retusus_KTAR,Lamiids_Chionanthus_retusus_KTAR
Lamiids_Conopholis_americana_FAMO,Lamiids_Conopholis_americana_FAMO
Lamiids_Convolvulus_arvensis_CPOC,Lamiids_Convolvulus_arvensis_CPOC
Lamiids_Cuscuta_pentagonia_AHRN,Lamiids_Cuscuta_pentagonia_AHRN
Lamiids_Datura_metel_JNVS,Lamiids_Datura_metel_JNVS
Lamiids_Digitalis_purpurea_GNRI,Lamiids_Digitalis_purpurea_GNRI
Lamiids_Ehretia_acuminata_EMAL,Lamiids_Ehretia_acuminata_EMAL
Lamiids_Epifagus_virginiana-2_samples_combined_FROP,Lamiids_Epifagus_virginiana-2_samples_combined_FROP
Lamiids_Eucommia_ulmoides_SZUO,Lamiids_Eucommia_ulmoides_SZUO
Lamiids_Exacum_affine_KPUM,Lamiids_Exacum_affine_KPUM
Lamiids_Forestiera_segregata-2_samples_combined_XHIV,Lamiids_Forestiera_segregata-2_samples_combined_XHIV
Lamiids_Galium_boreale_WQRD,Lamiids_Galium_boreale_WQRD
Lamiids_Gelsemium_sempervirens_HGSM,Lamiids_Gelsemium_sempervirens_HGSM
Lamiids_Gentiana_acaulis_ECTD,Lamiids_Gentiana_acaulis_ECTD
Lamiids_Heliotropium_calcicola-3_samples_combined_XVRU,Lamiids_Heliotropium_calcicola-3_samples_combined_XVRU
Lamiids_Heliotropium_convolvulaceum_OUER,Lamiids_Heliotropium_convolvulaceum_OUER
Lamiids_Heliotropium_filiforme-2_samples_combined_OEKO,Lamiids_Heliotropium_filiforme-2_samples_combined_OEKO
Lamiids_Heliotropium_greggii_ABEH,Lamiids_Heliotropium_greggii_ABEH
Lamiids_Heliotropium_karwinsky_NIGS,Lamiids_Heliotropium_karwinsky_NIGS
Lamiids_Heliotropium_mendocinum_MZOB,Lamiids_Heliotropium_mendocinum_MZOB
Lamiids_Heliotropium_racemosum_IDGE,Lamiids_Heliotropium_racemosum_IDGE
Lamiids_Heliotropium_sp._JWEY,Lamiids_Heliotropium_sp._JWEY
Lamiids_Heliotropium_tenellum-juvenile_leaf_DIHD,Lamiids_Heliotropium_tenellum-juvenile_leaf_DIHD
Lamiids_Heliotropium_texanum-2_samples_combined_MDJK,Lamiids_Heliotropium_texanum-2_samples_combined_MDJK
Lamiids_Holarrhena_pubescens_JGYZ,Lamiids_Holarrhena_pubescens_JGYZ
Lamiids_Iodes_vitiginea_XLIQ,Lamiids_Iodes_vitiginea_XLIQ
Lamiids_Ipomoea_coccinea_ERWT,Lamiids_Ipomoea_coccinea_ERWT
Lamiids_Ipomoea_hederacea_QSLH,Lamiids_Ipomoea_hederacea_QSLH
Lamiids_Ipomoea_indica_OQBM,Lamiids_Ipomoea_indica_OQBM
Lamiids_Ipomoea_lindheimeri_NAUM,Lamiids_Ipomoea_lindheimeri_NAUM
Lamiids_Ipomoea_lobata_IZNU,Lamiids_Ipomoea_lobata_IZNU
Lamiids_Ipomoea_nil_NHAG,Lamiids_Ipomoea_nil_NHAG
Lamiids_Ipomoea_pubescens_EMBR,Lamiids_Ipomoea_pubescens_EMBR
Lamiids_Ipomoea_purpurea-2_samples_combined_XQRV,Lamiids_Ipomoea_purpurea-2_samples_combined_XQRV
Lamiids_Ipomoea_quamoclit_ALUC,Lamiids_Ipomoea_quamoclit_ALUC
Lamiids_Kaliphora_madagascariensis_KTWL,Lamiids_Kaliphora_madagascariensis_KTWL
Lamiids_Kigelia_africana-2_samples_combined_XAYK,Lamiids_Kigelia_africana-2_samples_combined_XAYK
Lamiids_Lantana_camara_PSHB,Lamiids_Lantana_camara_PSHB
Lamiids_Lavandula_angustifolia_FYUH,Lamiids_Lavandula_angustifolia_FYUH
Lamiids_Lennoa_madreporoides_SMUR,Lamiids_Lennoa_madreporoides_SMUR
Lamiids_Leonurus_japonicus_SNNC,Lamiids_Leonurus_japonicus_SNNC
Lamiids_Ligustrum_sinense_MZLD,Lamiids_Ligustrum_sinense_MZLD
Lamiids_Lindenbergia_philippensis-2_samples_combined_EJCM,Lamiids_Lindenbergia_philippensis-2_samples_combined_EJCM
Lamiids_Lycium_barbarum_LWCK,Lamiids_Lycium_barbarum_LWCK
Lamiids_Lycium_sp._OSMU,Lamiids_Lycium_sp._OSMU
Lamiids_Lycopersicon_cheesmanii_UGJI,Lamiids_Lycopersicon_cheesmanii_UGJI
Lamiids_Mansoa_alliacea_TKEK,Lamiids_Mansoa_alliacea_TKEK
Lamiids_Marrubium_vulgare_EAAA,Lamiids_Marrubium_vulgare_EAAA
Lamiids_Melissa_officinalis_TAGM,Lamiids_Melissa_officinalis_TAGM
Lamiids_Mertensia_paniculata_DKFZ,Lamiids_Mertensia_paniculata_DKFZ
Lamiids_Micromeria_fruticosa_WHNV,Lamiids_Micromeria_fruticosa_WHNV
Lamiids_Nepeta_cataria_FUMQ,Lamiids_Nepeta_cataria_FUMQ
Lamiids_Nicotiana_sylvestris_MKZR,Lamiids_Nicotiana_sylvestris_MKZR
Lamiids_Olea_europaea_TORX,Lamiids_Olea_europaea_TORX
Lamiids_Oncotheca_balansae_PVGM,Lamiids_Oncotheca_balansae_PVGM
Lamiids_Orobanche_fasciculata-2_samples_combined_VYDM,Lamiids_Orobanche_fasciculata-2_samples_combined_VYDM
Lamiids_Oxera_neriifolia_GNPX,Lamiids_Oxera_neriifolia_GNPX
Lamiids_Oxera_pulchella_RTNA,Lamiids_Oxera_pulchella_RTNA
Lamiids_Paulownia_fargesii_UMUL,Lamiids_Paulownia_fargesii_UMUL
Lamiids_Phacelia_campanularia_YQIJ,Lamiids_Phacelia_campanularia_YQIJ
Lamiids_Pholisma_arenarium_HANM,Lamiids_Pholisma_arenarium_HANM
Lamiids_Phyla_dulcis_MQIV,Lamiids_Phyla_dulcis_MQIV
Lamiids_Pinguicula_agnata_MXFG,Lamiids_Pinguicula_agnata_MXFG
Lamiids_Pinguicula_caudata_JCMU,Lamiids_Pinguicula_caudata_JCMU
Lamiids_Plantago_coronopis_DCVZ,Lamiids_Plantago_coronopis_DCVZ
Lamiids_Plantago_maritima_YKZB,Lamiids_Plantago_maritima_YKZB
Lamiids_Plantago_virginica_PTBJ,Lamiids_Plantago_virginica_PTBJ
Lamiids_Pogostemon_sp._GETL,Lamiids_Pogostemon_sp._GETL
Lamiids_Poliomintha_bustamanta_XMBA,Lamiids_Poliomintha_bustamanta_XMBA
Lamiids_Polypremum_procumbens_COBX,Lamiids_Polypremum_procumbens_COBX
Lamiids_Prunella_vulgaris_PHCE,Lamiids_Prunella_vulgaris_PHCE
Lamiids_Psychotria_douarrei_DNQA,Lamiids_Psychotria_douarrei_DNQA
Lamiids_Psychotria_ipecacuanha-2_samples_combined_ZSGF,Lamiids_Psychotria_ipecacuanha-2_samples_combined_ZSGF
Lamiids_Psychotria_marginata_PCNH,Lamiids_Psychotria_marginata_PCNH
Lamiids_Pycnanthemum_tenuifolium_DYFF,Lamiids_Pycnanthemum_tenuifolium_DYFF
Lamiids_Pyrenacantha_malvifolia_QZZU,Lamiids_Pyrenacantha_malvifolia_QZZU
Lamiids_Rauvolfia_tetraphyla_QEHE,Lamiids_Rauvolfia_tetraphyla_QEHE
Lamiids_Rehmannia_glutinosa_OWAS,Lamiids_Rehmannia_glutinosa_OWAS
Lamiids_Rosmarinus_officinalis_FDMM,Lamiids_Rosmarinus_officinalis_FDMM
Lamiids_Ruellia_brittoniana_AYIY,Lamiids_Ruellia_brittoniana_AYIY
Lamiids_Saintpaulia_ionantha_RWKR,Lamiids_Saintpaulia_ionantha_RWKR
Lamiids_Salvia_spp._EQDA,Lamiids_Salvia_spp._EQDA
Lamiids_Sanchezia_sp._NBMW,Lamiids_Sanchezia_sp._NBMW
Lamiids_Schlegelia_parasitica-2_samples_combined_WOHL,Lamiids_Schlegelia_parasitica-2_samples_combined_WOHL
Lamiids_Schlegelia_violacea_EDXZ,Lamiids_Schlegelia_violacea_EDXZ
Lamiids_Scutellaria_montana_ATYL,Lamiids_Scutellaria_montana_ATYL
Lamiids_Sinningia_tuberosa_DTNC,Lamiids_Sinningia_tuberosa_DTNC
Lamiids_Solanum_dulcamara_GHLP,Lamiids_Solanum_dulcamara_GHLP
Lamiids_Solanum_lasiophyllum_DLAI,Lamiids_Solanum_lasiophyllum_DLAI
Lamiids_Solanum_ptychanthum_DLJZ,Lamiids_Solanum_ptychanthum_DLJZ
Lamiids_Solanum_sisymbriifolium_NMDZ,Lamiids_Solanum_sisymbriifolium_NMDZ
Lamiids_Solanum_xanthocarpum_LQJY,Lamiids_Solanum_xanthocarpum_LQJY
Lamiids_Solenostemon_scutellarioides_BAHE,Lamiids_Solenostemon_scutellarioides_BAHE
Lamiids_Strobilanthes_dyerianus_WEAC,Lamiids_Strobilanthes_dyerianus_WEAC
Lamiids_Strychnos_spinosa_GGJD,Lamiids_Strychnos_spinosa_GGJD
Lamiids_Tabebuia_umbellate_UTQR,Lamiids_Tabebuia_umbellate_UTQR
Lamiids_Teucrium_chamaedrys_LRRR,Lamiids_Teucrium_chamaedrys_LRRR
Lamiids_Thymus_vulgaris_IYDF,Lamiids_Thymus_vulgaris_IYDF
Lamiids_Uncarina_grandidieri_ZRIN,Lamiids_Uncarina_grandidieri_ZRIN
Lamiids_Utricularia_sp._HRUR,Lamiids_Utricularia_sp._HRUR
Lamiids_Verbascum_sp._XXYA,Lamiids_Verbascum_sp._XXYA
Lamiids_Verbena_hastata_GCFE,Lamiids_Verbena_hastata_GCFE
Lamiids_Vitex_agnus_castus_DMLT,Lamiids_Vitex_agnus_castus_DMLT
Lamiids_Wrightia_natalensis_EDEQ,Lamiids_Wrightia_natalensis_EDEQ
Laurales_Calycanthus_floridus,Laurales_Calycanthus_floridus
Liliales_Lilium_superbum,Liliales_Lilium_superbum
Magnoliales_Liriodendron_tulipifera,Magnoliales_Liriodendron_tulipifera
Magnoliales_Magnolia_kwangsiensis,Magnoliales_Magnolia_kwangsiensis
Malpighiales_Hevea_brasiliensis,Malpighiales_Hevea_brasiliensis
Malpighiales_Jatropha_curcas,Malpighiales_Jatropha_curcas
Malpighiales_Manihot_esculenta,Malpighiales_Manihot_esculenta
Malpighiales_Passiflora_biflora,Malpighiales_Passiflora_biflora
Malpighiales_Populus_alba,Malpighiales_Populus_alba
Malpighiales_Populus_trichocarpa,Malpighiales_Populus_trichocarpa
Malpighiales_Ricinus_communis,Malpighiales_Ricinus_communis
Malvales_Gossypium_arboreum,Malvales_Gossypium_arboreum
Malvales_Gossypium_barbadense,Malvales_Gossypium_barbadense
Malvales_Gossypium_darwinii,Malvales_Gossypium_darwinii
Malvales_Gossypium_herbaceum,Malvales_Gossypium_herbaceum
Malvales_Gossypium_hirsutum,Malvales_Gossypium_hirsutum
Malvales_Gossypium_mustelinum,Malvales_Gossypium_mustelinum
Malvales_Gossypium_raimondii,Malvales_Gossypium_raimondii
Malvales_Gossypium_thurberi,Malvales_Gossypium_thurberi
Malvales_Gossypium_tomentosum,Malvales_Gossypium_tomentosum
Malvales_Theobroma_cacao,Malvales_Theobroma_cacao
Malvids_Acer_negundo_VFFP,Malvids_Acer_negundo_VFFP
Malvids_Aesculus_pavia_HBHB,Malvids_Aesculus_pavia_HBHB
Malvids_Ailanthus_altissima_QICX,Malvids_Ailanthus_altissima_QICX
Malvids_Arabis_alpina_TZWR,Malvids_Arabis_alpina_TZWR
Malvids_Azadirachta_indica_UVDC,Malvids_Azadirachta_indica_UVDC
Malvids_Batis_maritima_DZTK,Malvids_Batis_maritima_DZTK
Malvids_Bixa_orellana_KPTE,Malvids_Bixa_orellana_KPTE
Malvids_Boswellia_sacra_FCCA,Malvids_Boswellia_sacra_FCCA
Malvids_Brassica_nigra_IPWB,Malvids_Brassica_nigra_IPWB
Malvids_Bursera_simaruba_JSZD,Malvids_Bursera_simaruba_JSZD
Malvids_Cistus_inflatus_PKMO,Malvids_Cistus_inflatus_PKMO
Malvids_Citrus_x_paradisi_UHJR,Malvids_Citrus_x_paradisi_UHJR
Malvids_Cleome_gynandra-2_samples_combined_VDKG,Malvids_Cleome_gynandra-2_samples_combined_VDKG
Malvids_Cleome_violaceae-2_samples_combined_LVUS,Malvids_Cleome_violaceae-2_samples_combined_LVUS
Malvids_Cleome_viscosa_UPZX,Malvids_Cleome_viscosa_UPZX
Malvids_Cochlearea_officinalis_CSUV,Malvids_Cochlearea_officinalis_CSUV
Malvids_Daphne_geraldii_PUDI,Malvids_Daphne_geraldii_PUDI
Malvids_Dombeya_burgessiae_WYIG,Malvids_Dombeya_burgessiae_WYIG
Malvids_Draba_aizoides_HABV,Malvids_Draba_aizoides_HABV
Malvids_Draba_hispida_GTSV,Malvids_Draba_hispida_GTSV
Malvids_Draba_magellanica_UVQL,Malvids_Draba_magellanica_UVQL
Malvids_Draba_oligosperma_LAPO,Malvids_Draba_oligosperma_LAPO
Malvids_Draba_ossetica_LJQF,Malvids_Draba_ossetica_LJQF
Malvids_Draba_sachalinensis_BXBF,Malvids_Draba_sachalinensis_BXBF
Malvids_Edgeworthia_papyrifera_AWJM,Malvids_Edgeworthia_papyrifera_AWJM
Malvids_Epilobium_sp._FEDW,Malvids_Epilobium_sp._FEDW
Malvids_Eucalyptus_leucoxylon-March_AYMT,Malvids_Eucalyptus_leucoxylon-March_AYMT
Malvids_Francoa_appendiculata_HDWF,Malvids_Francoa_appendiculata_HDWF
Malvids_Geranium_carolinianum_VKGP,Malvids_Geranium_carolinianum_VKGP
Malvids_Geranium_maculatum_YGCX,Malvids_Geranium_maculatum_YGCX
Malvids_Gyrostemon_ramulosus_UAXP,Malvids_Gyrostemon_ramulosus_UAXP
Malvids_Heteropyxis_natalensis_NIJU,Malvids_Heteropyxis_natalensis_NIJU
Malvids_Hibiscus_cannabinus_OLXF,Malvids_Hibiscus_cannabinus_OLXF
Malvids_Hoheria_angustifolia_ZSAB,Malvids_Hoheria_angustifolia_ZSAB
Malvids_Koeberlina_spinosa_JOIS,Malvids_Koeberlina_spinosa_JOIS
Malvids_Lagerstroemia_indica_RJNQ,Malvids_Lagerstroemia_indica_RJNQ
Malvids_Limnanthes_douglassii_CRNC,Malvids_Limnanthes_douglassii_CRNC
Malvids_Litchi_chinensis_WAXR,Malvids_Litchi_chinensis_WAXR
Malvids_Medinilla_magnifica_WWQZ,Malvids_Medinilla_magnifica_WWQZ
Malvids_Melaleuca_quinquenervia_JLLY,Malvids_Melaleuca_quinquenervia_JLLY
Malvids_Melia_azedarach-2_samples_combined_RJIM,Malvids_Melia_azedarach-2_samples_combined_RJIM
Malvids_Moringa_oleifera_CZPV,Malvids_Moringa_oleifera_CZPV
Malvids_Muntingia_calabura_ATFX,Malvids_Muntingia_calabura_ATFX
Malvids_Oenothera_affinis-MTJ_529_GVCB,Malvids_Oenothera_affinis-MTJ_529_GVCB
Malvids_Oenothera_berlandieri-MTJ_65_EQYT,Malvids_Oenothera_berlandieri-MTJ_65_EQYT
Malvids_Oenothera_biennis-5_samples_combined_BZDF,Malvids_Oenothera_biennis-5_samples_combined_BZDF
Malvids_Oenothera_clelandii-MTJ_390_KBRW,Malvids_Oenothera_clelandii-MTJ_390_KBRW
Malvids_Oenothera_elata_hookeri-MTJ_664_IDAU,Malvids_Oenothera_elata_hookeri-MTJ_664_IDAU
Malvids_Oenothera_elata-3_samples_combined_WBXY,Malvids_Oenothera_elata-3_samples_combined_WBXY
Malvids_Oenothera_filiformis-3_samples_combined_AXNH,Malvids_Oenothera_filiformis-3_samples_combined_AXNH
Malvids_Oenothera_gaura-5_samples_combined_PMTB,Malvids_Oenothera_gaura-5_samples_combined_PMTB
Malvids_Oenothera_grandiflora-5_samples_combined_ZINQ,Malvids_Oenothera_grandiflora-5_samples_combined_ZINQ
Malvids_Oenothera_grandis-5_samples_combined_IMZV,Malvids_Oenothera_grandis-5_samples_combined_IMZV
Malvids_Oenothera_laciniata-5_samples_combined_ARYD,Malvids_Oenothera_laciniata-5_samples_combined_ARYD
Malvids_Oenothera_longituba-MTJ_678_HPNZ,Malvids_Oenothera_longituba-MTJ_678_HPNZ
Malvids_Oenothera_nana-MTJ_0233_CJGZ,Malvids_Oenothera_nana-MTJ_0233_CJGZ
Malvids_Oenothera_picensis-MTJ_655_DZLN,Malvids_Oenothera_picensis-MTJ_655_DZLN
Malvids_Oenothera_rhombipetala-MTJ_369_YHLF,Malvids_Oenothera_rhombipetala-MTJ_369_YHLF
Malvids_Oenothera_rosea-4_samples_combined_UJGI,Malvids_Oenothera_rosea-4_samples_combined_UJGI
Malvids_Oenothera_serrulata-MTJ_70_SJAN,Malvids_Oenothera_serrulata-MTJ_70_SJAN
Malvids_Oenothera_speciosa-5_samples_combined_TLCA,Malvids_Oenothera_speciosa-5_samples_combined_TLCA
Malvids_Oenothera_suffulta_suffulta-MTJ_92_JKNQ,Malvids_Oenothera_suffulta_suffulta-MTJ_92_JKNQ
Malvids_Oenothera_villaricae-MTJ_535_HKMQ,Malvids_Oenothera_villaricae-MTJ_535_HKMQ
Malvids_Peganum_harmala_OBTI,Malvids_Peganum_harmala_OBTI
Malvids_Phellodendron_amurense_PGKL,Malvids_Phellodendron_amurense_PGKL
Malvids_Polansia_trachysperma_QSKP,Malvids_Polansia_trachysperma_QSKP
Malvids_Punica_granatum-4_samples_combined_YNUE,Malvids_Punica_granatum-4_samples_combined_YNUE
Malvids_Quassia_amara_IKFD,Malvids_Quassia_amara_IKFD
Malvids_Reseda_odorata_SWPE,Malvids_Reseda_odorata_SWPE
Malvids_Rhus_radicans_YUOM,Malvids_Rhus_radicans_YUOM
Malvids_Salvadora_sp._RTTY,Malvids_Salvadora_sp._RTTY
Malvids_Schizolaena_sp._WMUK,Malvids_Schizolaena_sp._WMUK
Malvids_Sinapis_alba_VMNH,Malvids_Sinapis_alba_VMNH
Malvids_Stachyurus_praecox_VYGG,Malvids_Stachyurus_praecox_VYGG
Malvids_Staphylea_trifolia_PTLU,Malvids_Staphylea_trifolia_PTLU
Malvids_Syzygium_macranthum_NEBM,Malvids_Syzygium_macranthum_NEBM
Malvids_Syzygium_paniculatum_FGDU,Malvids_Syzygium_paniculatum_FGDU
Malvids_Tapiscia_sinensis_WWKL,Malvids_Tapiscia_sinensis_WWKL
Malvids_Terminalia_neotaliala_AJJE,Malvids_Terminalia_neotaliala_AJJE
Malvids_Tetrazygia_bicolor_SWGX,Malvids_Tetrazygia_bicolor_SWGX
Malvids_Tropaeolum_peregrinum_MYZV,Malvids_Tropaeolum_peregrinum_MYZV
Monocots_Aristida_stricta_HATH,Monocots_Aristida_stricta_HATH
Monocots_Avena_fatua_RMVB,Monocots_Avena_fatua_RMVB
Monocots_Brocchinia_reducta_BYPY,Monocots_Brocchinia_reducta_BYPY
Monocots_Canna_sp._TZNS,Monocots_Canna_sp._TZNS
Monocots_Chondropetalum_tectorum_BSTR,Monocots_Chondropetalum_tectorum_BSTR
Monocots_Cocos_nucifera_QGLJ,Monocots_Cocos_nucifera_QGLJ
Monocots_Colchicum_autumnale-3_samples_combined_QNPH,Monocots_Colchicum_autumnale-3_samples_combined_QNPH
Monocots_Curcuma_olena-2_samples_combined_LEMW,Monocots_Curcuma_olena-2_samples_combined_LEMW
Monocots_Cymbopogon_nardus_ROEI,Monocots_Cymbopogon_nardus_ROEI
Monocots_Cyperus_papyrus_PWSG,Monocots_Cyperus_papyrus_PWSG
Monocots_Deschampsia_cespitosa_IADP,Monocots_Deschampsia_cespitosa_IADP
Monocots_Dioscorea_villosa_OCWZ,Monocots_Dioscorea_villosa_OCWZ
Monocots_Eleusine_coracana-4_samples_combined_EFCZ,Monocots_Eleusine_coracana-4_samples_combined_EFCZ
Monocots_Freycinetia_multiflora_DGXS,Monocots_Freycinetia_multiflora_DGXS
Monocots_Heliconia_sp.-2_samples_combined_XHHU,Monocots_Heliconia_sp.-2_samples_combined_XHHU
Monocots_Helonias_bullata_OOSO,Monocots_Helonias_bullata_OOSO
Monocots_Juncus_inflexus_CIEA,Monocots_Juncus_inflexus_CIEA
Monocots_Lepidosperma_gibsonii_WBIB,Monocots_Lepidosperma_gibsonii_WBIB
Monocots_Ludovia_sp._VVVV,Monocots_Ludovia_sp._VVVV
Monocots_Mapania_palustris_XPAF,Monocots_Mapania_palustris_XPAF
Monocots_Maranta_leuconeura_JNUB,Monocots_Maranta_leuconeura_JNUB
Monocots_Microstegium_vimineum_YPIC,Monocots_Microstegium_vimineum_YPIC
Monocots_Narcissus_viridiflorus-2_samples_combined_TRRQ,Monocots_Narcissus_viridiflorus-2_samples_combined_TRRQ
Monocots_Neurachne_alopecuroidea_ZENX,Monocots_Neurachne_alopecuroidea_ZENX
Monocots_Neurachne_annularis_BPKH,Monocots_Neurachne_annularis_BPKH
Monocots_Neurachne_lanigera_VQYB,Monocots_Neurachne_lanigera_VQYB
Monocots_Neurachne_minor_BXAY,Monocots_Neurachne_minor_BXAY
Monocots_Neurachne_munroi_ZMGN,Monocots_Neurachne_munroi_ZMGN
Monocots_Neurachne_tenuifolia_NNOK,Monocots_Neurachne_tenuifolia_NNOK
Monocots_Nypa_fruticans_NSPR,Monocots_Nypa_fruticans_NSPR
Monocots_Orchidantha_maxillaroides_LSKK,Monocots_Orchidantha_maxillaroides_LSKK
Monocots_Panicum_miliaceum_A_SOHV,Monocots_Panicum_miliaceum_A_SOHV
Monocots_Paraneurachne_muelleri_XUAB,Monocots_Paraneurachne_muelleri_XUAB
Monocots_Pistia_stratioides_MFIN,Monocots_Pistia_stratioides_MFIN
Monocots_Posidonia_australis_BYQM,Monocots_Posidonia_australis_BYQM
Monocots_Sabal_bermudana_HWUP,Monocots_Sabal_bermudana_HWUP
Monocots_Sagittaria_latifolia_DWZT,Monocots_Sagittaria_latifolia_DWZT
Monocots_Serenoa_repens_HXJE,Monocots_Serenoa_repens_HXJE
Monocots_Stemona_tuberosa_VBHQ,Monocots_Stemona_tuberosa_VBHQ
Monocots_Strelitzia_reginae_UOEL,Monocots_Strelitzia_reginae_UOEL
Monocots_Talbotia_elegans_SILJ,Monocots_Talbotia_elegans_SILJ
Monocots_Thyridolepis_mitchelliana_XBKS,Monocots_Thyridolepis_mitchelliana_XBKS
Monocots_Thyridolepis_multiculmis_WCOR,Monocots_Thyridolepis_multiculmis_WCOR
Monocots_Triglochin_maritimum_COCP,Monocots_Triglochin_maritimum_COCP
Monocots_Triodia_aff._bynoei_YXNR,Monocots_Triodia_aff._bynoei_YXNR
Monocots_Typha_angustifolia_PPQR,Monocots_Typha_angustifolia_PPQR
Monocots_Typha_latifolia_BRUD,Monocots_Typha_latifolia_BRUD
Monocots_Typhonium_blumei_YMES,Monocots_Typhonium_blumei_YMES
Monocots_Uniola_paniculata-2_samples_combined_GZSF,Monocots_Uniola_paniculata-2_samples_combined_GZSF
Monocots_Zingiber_officinale-young_leaves_BDJQ,Monocots_Zingiber_officinale-young_leaves_BDJQ
MTII,Acorus_americanus_MTII
Myrtales_Eucalyptus_globulus,Myrtales_Eucalyptus_globulus
Myrtales_Eucalyptus_grandis,Myrtales_Eucalyptus_grandis
Myrtales_Oenothera_argillicola,Myrtales_Oenothera_argillicola
Myrtales_Oenothera_biennis,Myrtales_Oenothera_biennis
Myrtales_Oenothera_elata,Myrtales_Oenothera_elata
Myrtales_Oenothera_glazioviana,Myrtales_Oenothera_glazioviana
Myrtales_Oenothera_parviflora,Myrtales_Oenothera_parviflora
NPND,Ceratophyllum_demersum_NPND
Nymphaeales_Nuphar_advena,Nymphaeales_Nuphar_advena
Nymphaeales_Nymphaea_alba,Nymphaeales_Nymphaea_alba
Oxalidales_Oxalis_latifolia,Oxalidales_Oxalis_latifolia
Pandanales_Pandanus_utilis,Pandanales_Pandanus_utilis
Piperales_Piper_cenocladum,Piperales_Piper_cenocladum
Poales_Abolboda_macrostachya,Poales_Abolboda_macrostachya
Poales_Acidosasa_purpurea,Poales_Acidosasa_purpurea
Poales_Agrostis_stolonifera,Poales_Agrostis_stolonifera
Poales_Anomochloa_marantoidea,Poales_Anomochloa_marantoidea
Poales_Bambusa_emeiensis,Poales_Bambusa_emeiensis
Poales_Bambusa_oldhamii,Poales_Bambusa_oldhamii
Poales_Brachypodium_distachyon,Poales_Brachypodium_distachyon
Poales_Brocchinia_micrantha,Poales_Brocchinia_micrantha
Poales_Centrolepis_monogyna,Poales_Centrolepis_monogyna
Poales_Coix_lacryma,Poales_Coix_lacryma
Poales_Cyperus_alternifolius,Poales_Cyperus_alternifolius
Poales_Dendrocalamus_latiflorus,Poales_Dendrocalamus_latiflorus
Poales_Ecdeiocolea_monostachya,Poales_Ecdeiocolea_monostachya
Poales_Eleusine_coracana,Poales_Eleusine_coracana
Poales_Ferrocalamus_rimosivaginus,Poales_Ferrocalamus_rimosivaginus
Poales_Festuca_arundinacea,Poales_Festuca_arundinacea
Poales_Flagellaria_indica,Poales_Flagellaria_indica
Poales_Fosterella_caulescens,Poales_Fosterella_caulescens
Poales_Georgeantha_hexandra,Poales_Georgeantha_hexandra
Poales_Hordeum_vulgare,Poales_Hordeum_vulgare
Poales_Indocalamus_longiauritus,Poales_Indocalamus_longiauritus
Poales_Joinvillea_ascendens,Poales_Joinvillea_ascendens
Poales_Juncus_effusus,Poales_Juncus_effusus
Poales_Leersia_tisserantii,Poales_Leersia_tisserantii
Poales_Lolium_perenne,Poales_Lolium_perenne
Poales_Mayaca_fluviatilis,Poales_Mayaca_fluviatilis
Poales_Microlaena_stipoides,Poales_Microlaena_stipoides
Poales_Navia_saxicola,Poales_Navia_saxicola
Poales_Neoregelia_carolinae,Poales_Neoregelia_carolinae
Poales_Oryza_australiensis,Poales_Oryza_australiensis
Poales_Oryza_meridionalis,Poales_Oryza_meridionalis
Poales_Oryza_nivara,Poales_Oryza_nivara
Poales_Oryza_rufipogonA,Poales_Oryza_rufipogonA
Poales_Oryza_rufipogonB,Poales_Oryza_rufipogonB
Poales_Oryza_sativaIndica,Poales_Oryza_sativaIndica
Poales_Oryza_sativaJaponica,Poales_Oryza_sativaJaponica
Poales_Panicum_virgatum,Poales_Panicum_virgatum
Poales_Phyllostachys_edulis,Poales_Phyllostachys_edulis
Poales_Phyllostachys_nigra,Poales_Phyllostachys_nigra
Poales_Phyllostachys_propinqua,Poales_Phyllostachys_propinqua
Poales_Pitcairnia_feliciana,Poales_Pitcairnia_feliciana
Poales_Potamophila_parviflora,Poales_Potamophila_parviflora
Poales_Potarophytum_riparium,Poales_Potarophytum_riparium
Poales_Puelia_olyriformis,Poales_Puelia_olyriformis
Poales_Puya_laxa,Poales_Puya_laxa
Poales_Rhynchoryza_subulata,Poales_Rhynchoryza_subulata
Poales_Saccharum_hybrid310,Poales_Saccharum_hybrid310
Poales_Sorghum_bicolor,Poales_Sorghum_bicolor
Poales_Sparganium_eurycarpum,Poales_Sparganium_eurycarpum
Poales_Streptochaeta_angustifolia,Poales_Streptochaeta_angustifolia
Poales_Syngonanthus_chrysanthus,Poales_Syngonanthus_chrysanthus
Poales_Thamnochortus_insignis,Poales_Thamnochortus_insignis
Poales_Thurnia_sphaerocephala,Poales_Thurnia_sphaerocephala
Poales_Triticum_aestivum,Poales_Triticum_aestivum
Poales_Typha_latifolia,Poales_Typha_latifolia
Poales_Zea_mays,Poales_Zea_mays
Proteales_Nelumbo_lutea,Proteales_Nelumbo_lutea
Proteales_Nelumbo_nuciferaNC,Proteales_Nelumbo_nuciferaNC
Proteales_Platanus_occidentalis,Proteales_Platanus_occidentalis
QOXT,Xerophyta_villosa_QOXT
Ranunculales_Megaleranthis_saniculifolia,Ranunculales_Megaleranthis_saniculifolia
Ranunculales_Nandina_domestica,Ranunculales_Nandina_domestica
Ranunculales_Ranunculus_macranthus,Ranunculales_Ranunculus_macranthus
Rosales_Ficus_sp,Rosales_Ficus_sp
Rosales_Fragaria_vesca,Rosales_Fragaria_vesca
Rosales_Morus_indica,Rosales_Morus_indica
Rosales_Pentactina_rupicola,Rosales_Pentactina_rupicola
Rosales_Prunus_persica,Rosales_Prunus_persica
Rosales_Pyrus_pyrifolia,Rosales_Pyrus_pyrifolia
Santalales_Phoradendron_serotinum,Santalales_Phoradendron_serotinum
Santalales_Ximenia_americana,Santalales_Ximenia_americana
Sapindales_Citrus_sinensis,Sapindales_Citrus_sinensis
Saxifragales_Aphanopetalum_resinosum_TOKV,Saxifragales_Aphanopetalum_resinosum_TOKV
Saxifragales_Astilbe_chinensis_CKKR,Saxifragales_Astilbe_chinensis_CKKR
Saxifragales_Bergenia_sp._CIAC,Saxifragales_Bergenia_sp._CIAC
Saxifragales_Boykinia_jamesii_OOVX,Saxifragales_Boykinia_jamesii_OOVX
Saxifragales_Cercidiphyllum_japonicum_NUZN,Saxifragales_Cercidiphyllum_japonicum_NUZN
Saxifragales_Crassula_perforata_KWGC,Saxifragales_Crassula_perforata_KWGC
Saxifragales_Daphniphyllum_macropodum_FYTP,Saxifragales_Daphniphyllum_macropodum_FYTP
Saxifragales_Hamamelis_virginiana-2_samples_combined_YKQR,Saxifragales_Hamamelis_virginiana-2_samples_combined_YKQR
Saxifragales_Heuchera_sanguinea,Saxifragales_Heuchera_sanguinea
Saxifragales_Heuchera_sanguinea_ERIA,Saxifragales_Heuchera_sanguinea_ERIA
Saxifragales_Itea_virginica_UWFU,Saxifragales_Itea_virginica_UWFU
Saxifragales_Kalanchoe_crenato_diagremontiana_DRIL,Saxifragales_Kalanchoe_crenato_diagremontiana_DRIL
Saxifragales_Liquidambar_styraciflua,Saxifragales_Liquidambar_styraciflua
Saxifragales_Liquidambar_styraciflua_LMVB,Saxifragales_Liquidambar_styraciflua_LMVB
Saxifragales_Loropetalum_chinense-2_samples_combined_TQOO,Saxifragales_Loropetalum_chinense-2_samples_combined_TQOO
Saxifragales_Mitella_pentandra_DAYQ,Saxifragales_Mitella_pentandra_DAYQ
Saxifragales_Myriophyllum_aquaticum_IUSR,Saxifragales_Myriophyllum_aquaticum_IUSR
Saxifragales_Oresitrophe_rupifraga_UHBY,Saxifragales_Oresitrophe_rupifraga_UHBY
Saxifragales_Paeonia_lactiflora_HTIP,Saxifragales_Paeonia_lactiflora_HTIP
Saxifragales_Peltoboykinia_watanabei_YKFU,Saxifragales_Peltoboykinia_watanabei_YKFU
Saxifragales_Rhodiola_rosea_ZJUL,Saxifragales_Rhodiola_rosea_ZJUL
Saxifragales_Ribes_aff._giraldii_SYHW,Saxifragales_Ribes_aff._giraldii_SYHW
Saxifragales_Saxifraga_stolonifera_FCBJ,Saxifragales_Saxifraga_stolonifera_FCBJ
Saxifragales_Tellima_breviflora_CTSS,Saxifragales_Tellima_breviflora_CTSS
Saxifragales_Tiarella_polyphylla_SLOI,Saxifragales_Tiarella_polyphylla_SLOI
Solanales_Atropa_belladonna,Solanales_Atropa_belladonna
Solanales_Cuscuta_exaltata,Solanales_Cuscuta_exaltata
Solanales_Cuscuta_gronovii,Solanales_Cuscuta_gronovii
Solanales_Cuscuta_obtusiflora,Solanales_Cuscuta_obtusiflora
Solanales_Cuscuta_reflexa,Solanales_Cuscuta_reflexa
Solanales_Ipomoea_purpurea,Solanales_Ipomoea_purpurea
Solanales_Nicotiana_sylvestris,Solanales_Nicotiana_sylvestris
Solanales_Nicotiana_tabacum,Solanales_Nicotiana_tabacum
Solanales_Nicotiana_tomentosiformis,Solanales_Nicotiana_tomentosiformis
Solanales_Nicotiana_undulata,Solanales_Nicotiana_undulata
Solanales_Solanum_bulbocastanum,Solanales_Solanum_bulbocastanum
Solanales_Solanum_lycopersicum,Solanales_Solanum_lycopersicum
Solanales_Solanum_tuberosum,Solanales_Solanum_tuberosum
SZPD,Tetrastigma_voinierianum_SZPD
Trochodendrales_Trochodendron_aralioides,Trochodendrales_Trochodendron_aralioides
Vitales_Vitis_vinifera,Vitales_Vitis_vinifera
WXNT,Joinvillea_ascendens_WXNT
XKPS,Ximenia_americana_XKPS
Zingiberales_Musa_acuminata,Zingiberales_Musa_acuminata
Zingiberales_Renealmia_alpinia,Zingiberales_Renealmia_alpinia
Zygophyllales_Bulnesia_arborea,Zygophyllales_Bulnesia_arborea